area,average_price,community,decoration,direction,focus_num,link,model,othermessage,price,time,title
63.11平米,单价54667元/平米,雍翠华府  布心,精装,南,15人关注,https://sz.lianjia.com/ershoufang/105103570566.html,2室1厅,近地铁 VR房源 房本满两年 随时看房,345,13天以前发布,房子业主诚心卖 房子朝南 采光好
45.12平米,单价56516元/平米,天越翔园  莲塘,简装,北,7人关注,https://sz.lianjia.com/ershoufang/105102087265.html,1室1厅,VR房源 房本满两年,255,,房源新  高楼层  通风采光佳 业主诚心出售
52.38平米,单价67774元/平米,长富花园  布心,简装,南,0人关注,https://sz.lianjia.com/ershoufang/105103621698.html,2室1厅,近地铁 VR房源 房本满五年,355,3天以前发布,诚心卖，看房方便，中间位置，看花园
45.96平米,单价36554元/平米,长丰苑  春风路,简装,东南 南,2人关注,https://sz.lianjia.com/ershoufang/105103483439.html,1室1厅,近地铁 VR房源 房本满五年 随时看房,168,29天以前发布,长丰苑 中高楼层 带阳台 采光视野好 业主急售
96.2平米,单价54574元/平米,仙桐御景  莲塘,简装,西南,11人关注,https://sz.lianjia.com/ershoufang/105102040322.html,3室2厅,VR房源 房本满五年,525,,西南朝向看别墅区，厅出阳台，大社区，居家舒适。
100.45平米,单价55252元/平米,华丽花园  螺岭,简装,东南,82人关注,https://sz.lianjia.com/ershoufang/105101037259.html,3室1厅,近地铁 VR房源 房本满五年,555,,华丽花园三房    螺岭150米 业主换房 诚心出售
53.13平米,单价53643元/平米,源兴居  洪湖,简装,东南,47人关注,https://sz.lianjia.com/ershoufang/105102999016.html,2室1厅,近地铁 VR房源 房本满两年 随时看房,285,,洪湖公园旁，朝南两房，采光好视野
53.06平米,单价44855元/平米,南塘物业小区  东门,精装,东南,20人关注,https://sz.lianjia.com/ershoufang/105101564206.html,2室1厅,近地铁 VR房源 房本满两年,238,,南塘物业 老街地铁口   看房子提前约
36.34平米,单价24767元/平米,承翰半山海  大鹏半岛,精装,西,14人关注,https://sz.lianjia.com/ershoufang/105103297226.html,1室1厅,,90,,深圳海景1房1厅带阳台，红本在手精装修
89平米,单价32023元/平米,深业东城上邸  坪山,,南,5人关注,https://sz.lianjia.com/ershoufang/105103147783.html,3室2厅,房本满五年,285,,深业东城上邸 3室2厅 285万
89.04平米,单价55593元/平米,光明峰荟  公明,,东南,0人关注,https://sz.lianjia.com/ershoufang/105103549121.html,4室2厅,房本满两年,495,17天以前发布,光明峰荟花园 户型方正，采光和通风效果都好
65.69平米,单价66982元/平米,星河传奇·铂寓S  红山,精装,南,1人关注,https://sz.lianjia.com/ershoufang/105102896229.html,2室1厅,近地铁 房本满两年,440,,上塘 红山 双地铁 精装 星河高品质公寓 业主诚心卖
88.25平米,单价43627元/平米,星河智荟  横岗,精装,东南,5人关注,https://sz.lianjia.com/ershoufang/105103293369.html,3室2厅,近地铁 VR房源 房本满两年 随时看房,385,,正规3房，东南朝向，楼层好，视野开阔，采光充足。
104.82平米,单价62012元/平米,碧海富通城一期  碧海,精装,南,68人关注,https://sz.lianjia.com/ershoufang/105101277615.html,3室1厅,房本满两年,650,,一套不错的三房两卫供您鉴赏居家好房
38.88平米,单价33437元/平米,昊海君悦  沙头角,简装,北,1人关注,https://sz.lianjia.com/ershoufang/105103235407.html,1室1厅,房本满五年,130,,昊海君悦 1室1厅 130万
194.86平米,单价92375元/平米,麒麟花园A区  南头,精装,南,4人关注,https://sz.lianjia.com/ershoufang/105103115963.html,5室2厅,VR房源 房本满两年,1800,,好房推存 麒麟花园复式，私家花园+车位
18.74平米,单价72039元/平米,凯伦花园  梅林,精装,北,34人关注,https://sz.lianjia.com/ershoufang/105102963827.html,1室0厅,近地铁 VR房源 房本满两年,135,,房子满两年，精装修户型方正单间，带独立厨房卫生间
78.22平米,单价65201元/平米,水围新家园  皇岗,简装,西北,6人关注,https://sz.lianjia.com/ershoufang/105102818849.html,2室2厅,近地铁 VR房源 房本满五年,510,,新家园，大两房，交通便利，购物方便
75.14平米,单价77190元/平米,趣园  车公庙,精装,东北,2人关注,https://sz.lianjia.com/ershoufang/105102567012.html,2室2厅,近地铁 VR房源 房本满五年,580,,趣园 2室2厅 580万
65平米,单价73847元/平米,鹏益花园  八卦岭,简装,南,7人关注,https://sz.lianjia.com/ershoufang/105101901484.html,2室1厅,近地铁 VR房源 房本满五年,480,,鹏益花园65平2房 红本在手 满五年
117.96平米,单价71211元/平米,福昌苑  新洲,,南 北,4人关注,https://sz.lianjia.com/ershoufang/105102917004.html,3室2厅,近地铁 VR房源 房本满两年,840,,房子使用率高  户型方正  带花园 南北通透 一梯两户
42.61平米,单价79794元/平米,旭飞花园  八卦岭,精装,北,12人关注,https://sz.lianjia.com/ershoufang/105102708357.html,1室1厅,近地铁 VR房源 房本满两年,340,,旭飞花园一房一厅，南北通透，采光好，业主诚心出售。
84.85平米,单价70714元/平米,绿景新苑  新洲,精装,南,4人关注,https://sz.lianjia.com/ershoufang/105102412621.html,2室1厅,近地铁 VR房源 房本满五年,600,,地面花园，安静小区，生活和出行便利，精装保养好！
92.53平米,单价157787元/平米,百花园二期  百花,简装,南,5人关注,https://sz.lianjia.com/ershoufang/105102155352.html,2室1厅,近地铁 VR房源 房本满五年,1460,,百花园二期高楼层，正南向精装修两房，采光好。
57.54平米,单价85159元/平米,皇庭世纪  石厦,精装,东北,66人关注,https://sz.lianjia.com/ershoufang/105101762549.html,2室1厅,近地铁 VR房源 房本满两年,490,,皇庭世纪 精装两房 东北向 安静
108.19平米,单价106295元/平米,深业上城  莲花,精装,南,1人关注,https://sz.lianjia.com/ershoufang/105103294815.html,1室1厅,VR房源 房本满两年,1150,,深业上城 1室1厅 1150万
55.88平米,单价77846元/平米,水畔紫云阁  皇岗,,东南,36人关注,https://sz.lianjia.com/ershoufang/105102796844.html,3室1厅,近地铁 VR房源 房本满五年,435,,水畔紫云阁复式两房2012年小区 东南看米铺 次卧有窗户
29平米,单价81035元/平米,深业岭秀名苑  莲花,简装,东,16人关注,https://sz.lianjia.com/ershoufang/105102133131.html,1室0厅,近地铁 VR房源 房本满两年,235,,小户型、总价低、安静、近地铁口
54.35平米,单价125115元/平米,天健时尚名苑  福田保税区,精装,南 北,4人关注,https://sz.lianjia.com/ershoufang/105101487883.html,2室1厅,VR房源 房本满两年,680,,精装修复式南北通，高层看海景，满两年
38.6平米,单价65026元/平米,御河堤  上步,简装,西,25人关注,https://sz.lianjia.com/ershoufang/105102821611.html,1室1厅,近地铁 VR房源 房本满两年 随时看房,251,,一房一厅 3条地铁线 花园小区 适合居住 10年新小区
54.51平米,单价51367元/平米,红岭大厦  上步,精装,东北,69人关注,https://sz.lianjia.com/ershoufang/105102106382.html,2室1厅,近地铁 VR房源 房本满五年,280,,挨着公园，方正两房，诚心出售，双地铁
124.69平米,单价78595元/平米,云顶翠峰  皇岗,精装,南,38人关注,https://sz.lianjia.com/ershoufang/105101309722.html,3室2厅,近地铁 VR房源 房本满五年,980,,福田南 宜居大社区，天然氧吧，安静，大阳台户型实用
34.22平米,单价87669元/平米,嘉葆润金座  新洲,精装,北,8人关注,https://sz.lianjia.com/ershoufang/105103037248.html,2室1厅,近地铁 VR房源 房本满两年,300,,嘉葆润高层、精装修2房，诚心出售
36平米,单价63889元/平米,京基御景华城  赤尾,,南,13人关注,https://sz.lianjia.com/ershoufang/105102404575.html,1室0厅,近地铁 VR房源 房本满两年 随时看房,230,,出阳台小户型，满两年少税，总价低，上车盘
80.17平米,单价70476元/平米,京基御景华城  赤尾,精装,东北,19人关注,https://sz.lianjia.com/ershoufang/105103442744.html,3室2厅,近地铁 VR房源 房本满两年,565,,厅出阳台，户型方正，高楼层采光好。
92.69平米,单价64732元/平米,景发花园  景田,精装,西北,5人关注,https://sz.lianjia.com/ershoufang/105103406296.html,3室1厅,近地铁 VR房源 房本满五年,600,,福田景田 大三房 景发花园 精装修 诚心售
103平米,单价60680元/平米,莲花北村  莲花,简装,东北,13人关注,https://sz.lianjia.com/ershoufang/105103368052.html,3室2厅,近地铁 VR房源 房本满五年,625,,吉莲大厦  满五唯一 电梯大三房 业主诚心出售
250.3平米,单价62326元/平米,加福广场华尔登府邸  福田保税区,精装,南,0人关注,https://sz.lianjia.com/ershoufang/105103332437.html,4室1厅,近地铁 VR房源 房本满五年,1560,,加福广场 高层 视野好、大平面、4房出售
44.82平米,单价65819元/平米,金地海景花园  沙尾,精装,南,37人关注,https://sz.lianjia.com/ershoufang/105103299813.html,1室1厅,近地铁 VR房源 房本满两年,295,,南向看花园很安静，业主诚心卖，装修保养好
120平米,单价73334元/平米,圆梦园  福田保税区,简装,南,13人关注,https://sz.lianjia.com/ershoufang/105103244632.html,3室2厅,VR房源 房本满五年,880,,保税区大三房  户型方正，小区安静，面积大，带花园。
125.56平米,单价92387元/平米,安栢丽晶  景田,简装,东,4人关注,https://sz.lianjia.com/ershoufang/105103209850.html,3室1厅,近地铁 VR房源 房本满五年,1160,,安柏丽晶三房 满五唯一税费少 业主诚心卖
157.62平米,单价60906元/平米,皇御苑一期  皇岗,,东南,4人关注,https://sz.lianjia.com/ershoufang/105103157968.html,4室1厅,近地铁 VR房源 房本满五年,960,,皇御苑一期 4室1厅 960万
73.14平米,单价73558元/平米,绿景花园二期  新洲,精装,西北,61人关注,https://sz.lianjia.com/ershoufang/105103097413.html,2室1厅,近地铁 VR房源 房本满五年,538,,满五年，地铁口物业，户型方正，无暗房。
97.28平米,单价62706元/平米,雨田村  莲花,精装,南,56人关注,https://sz.lianjia.com/ershoufang/105103043030.html,3室2厅,近地铁 VR房源 房本满两年,610,,雨田村，前排看莲花山，南向97平3房，看房方便
111.75平米,单价61745元/平米,星河雅居  新洲,精装,南,34人关注,https://sz.lianjia.com/ershoufang/105102937932.html,3室1厅,近地铁 VR房源 房本满两年,690,,星河方正三房 高层视野佳 看房方便
81.77平米,单价58702元/平米,梅兴苑  梅林,简装,北,10人关注,https://sz.lianjia.com/ershoufang/105102817811.html,3室1厅,近地铁 VR房源 房本满两年,480,,梅兴苑1期 小区环境好 住家氛围浓厚 有梅林文体公园
122.63平米,单价66868元/平米,东方富苑  梅林,,南,4人关注,https://sz.lianjia.com/ershoufang/105102575056.html,3室2厅,近地铁 VR房源 房本满五年,820,,莲花山脚下，电梯复式，看小区安静，地铁口物业。
92.17平米,单价70522元/平米,共和世家  皇岗,简装,东,8人关注,https://sz.lianjia.com/ershoufang/105101993075.html,3室2厅,近地铁 VR房源 房本满五年,650,,花园里的小三房，配套完善近地铁
98.11平米,单价57079元/平米,梅兴苑  梅林,精装,北,3人关注,https://sz.lianjia.com/ershoufang/105103548763.html,3室2厅,近地铁 VR房源 房本满两年,560,17天以前发布,自住精装大三房 保养好 满五年  业主诚售 地铁物业
130.66平米,单价118629元/平米,新天国际名苑  香蜜湖,简装,南,5人关注,https://sz.lianjia.com/ershoufang/105103461822.html,1室1厅,近地铁 VR房源 房本满五年 随时看房,1550,,满五不唯一，没有欠款，，业主诚心出售，看房提前预约
32.03平米,单价70247元/平米,凯丰花园二期  梅林,简装,北,23人关注,https://sz.lianjia.com/ershoufang/105103159937.html,1室0厅,近地铁 VR房源 房本满五年 随时看房,225,,大社区带泳池刚需一房，业主诚心出售
94.1平米,单价69926元/平米,都市花园  车公庙,简装,东南 南,13人关注,https://sz.lianjia.com/ershoufang/105102939377.html,3室1厅,近地铁 VR房源 房本满五年,658,,都市花园 94平米方正大三房 满五年红本
115.79平米,单价53805元/平米,合正园  梅林,简装,南 北,43人关注,https://sz.lianjia.com/ershoufang/105102805912.html,3室2厅,近地铁 VR房源 房本满五年,623,,合正园  双大阳台双卫   满五唯一红本  可拎包入住
96.67平米,单价64964元/平米,天威花园  莲花,简装,北,6人关注,https://sz.lianjia.com/ershoufang/105102671323.html,3室2厅,近地铁 VR房源 房本满五年,628,,天威花园，安静97平3房诚售，一手业主红本
84.53平米,单价60334元/平米,海滨广场  皇岗,精装,东北,48人关注,https://sz.lianjia.com/ershoufang/105102386195.html,3室2厅,近地铁 VR房源 房本满两年,510,,福田区 双地铁双口岸物业 温馨小3房户型方正实用
99.38平米,单价68425元/平米,宣嘉华庭  皇岗,精装,北,13人关注,https://sz.lianjia.com/ershoufang/105102130245.html,3室1厅,近地铁 VR房源 房本满两年,680,,宣嘉稀有带双阳台单位，业主诚意出售
36.5平米,单价50685元/平米,金地花园  上下沙,精装,南,170人关注,https://sz.lianjia.com/ershoufang/105101754720.html,1室1厅,近地铁 VR房源 房本满五年,185,,房子四年，红本在手，小区安静舒适。
132.1平米,单价47692元/平米,明苑大厦  赤尾,简装,南,19人关注,https://sz.lianjia.com/ershoufang/105100732615.html,3室2厅,近地铁 VR房源 房本满五年,630,,地铁物业 大三房 单价合适 税费少 看房方便
87.33平米,单价72828元/平米,益田村  石厦,简装,北,16人关注,https://sz.lianjia.com/ershoufang/105102961704.html,3室1厅,近地铁 VR房源 房本满五年,636,,满五年无增值税，明厨明卫通风采光好，业主诚心出售
108.65平米,单价142660元/平米,香榭里紫园  香蜜湖,精装,南,25人关注,https://sz.lianjia.com/ershoufang/105102189435.html,3室2厅,近地铁 VR房源 房本满两年,1550,,香蜜湖 香榭里紫园 满两年 南北 香蜜公园旁
30.04平米,单价73236元/平米,晨晖家园  皇岗,精装,东北,82人关注,https://sz.lianjia.com/ershoufang/105101745573.html,1室1厅,近地铁 VR房源 房本满两年,220,,价格优质，户型好，方正合理，中高楼层无遮挡采光好。
143.17平米,单价90802元/平米,东方玫瑰花园  景田,精装,南 北,41人关注,https://sz.lianjia.com/ershoufang/105101277486.html,4室1厅,近地铁 VR房源 房本满两年,1300,,东方玫瑰花园大四房 南北通住家安静
34.82平米,单价84722元/平米,意馨居  八卦岭,简装,南,5人关注,https://sz.lianjia.com/ershoufang/105103549838.html,1室0厅,近地铁 VR房源 房本满五年,295,17天以前发布,意馨居 1室0厅 295万
40.9平米,单价92910元/平米,凯旋豪庭  景田,精装,北,18人关注,https://sz.lianjia.com/ershoufang/105103520799.html,1室1厅,近地铁 VR房源 房本满两年,380,22天以前发布,莲花山旁07年小区 精装一房双阳台 安静看公园无遮挡
49.31平米,单价62868元/平米,汇龙花园  梅林,简装,南,15人关注,https://sz.lianjia.com/ershoufang/105103483531.html,1室1厅,近地铁 VR房源 房本满五年,310,29天以前发布,红本在手，满五年，唯一，税费少，交易快捷!
85.83平米,单价62916元/平米,彩天名苑  福田中心,精装,南,126人关注,https://sz.lianjia.com/ershoufang/105102526549.html,3室1厅,近地铁 VR房源 房本满五年,540,,楼下地铁口，正规东南向标准三房，安静
182.56平米,单价87643元/平米,东海国际公寓  香蜜湖,精装,北,1人关注,https://sz.lianjia.com/ershoufang/105101848962.html,3室2厅,近地铁 VR房源 房本满五年,1600,,东海国际公寓两层复式，三房，安静。
77.25平米,单价75081元/平米,碧海红树园  上下沙,简装,东,12人关注,https://sz.lianjia.com/ershoufang/105103347743.html,2室1厅,近地铁 VR房源 房本满两年,580,,碧海红树园 77平米 正规大两房 580万
164.2平米,单价124848元/平米,东海花园二期福禄居  香蜜湖,精装,南,43人关注,https://sz.lianjia.com/ershoufang/105102550052.html,4室2厅,近地铁 VR房源 随时看房,2050,,东海二期，大花园朝南四房，全新100万装修，随时入住
97.69平米,单价83939元/平米,嘉洲富苑  新洲,精装,南,5人关注,https://sz.lianjia.com/ershoufang/105103415798.html,4室1厅,近地铁 VR房源 房本满五年,820,,红本高层，正规四房，使用率大，业主诚心卖
218平米,单价100918元/平米,金海湾花园  上下沙,精装,南,7人关注,https://sz.lianjia.com/ershoufang/105103236994.html,5室2厅,近地铁 VR房源 房本满两年,2200,,装修好，采光通风很棒，安静舒适，金地物业保驾护航
93.12平米,单价83763元/平米,嘉洲富苑  新洲,精装,南,10人关注,https://sz.lianjia.com/ershoufang/105103058639.html,3室2厅,近地铁 VR房源 房本满两年,780,,嘉洲富苑满五唯一 实用率高 精装 高层采光好
160.19平米,单价58057元/平米,国都高尔夫花园二期  车公庙,精装,北,5人关注,https://sz.lianjia.com/ershoufang/105102783244.html,3室1厅,近地铁 VR房源 房本满五年,930,,装修保养好，东北向采光充足，看高尔
115.2平米,单价169966元/平米,宣嘉华庭  皇岗,精装,南,0人关注,https://sz.lianjia.com/ershoufang/105102343832.html,4室2厅,近地铁 VR房源 房本满五年,1958,,自住精装 ，房子是特殊户型三层，有个大阳台
171.78平米,单价91979元/平米,深业花园  莲花,,西北,29人关注,https://sz.lianjia.com/ershoufang/105101847198.html,4室2厅,近地铁 VR房源 房本满五年,1580,,2019奋斗进行时：我想在深圳安个家
45.1平米,单价86475元/平米,半山御景  梅林,简装,东南 北,105人关注,https://sz.lianjia.com/ershoufang/105101479054.html,1室1厅,近地铁 VR房源 房本满五年,390,,房子已经满两年，红本在手。户型方正
90.66平米,单价72800元/平米,碧海红树园  上下沙,精装,南,106人关注,https://sz.lianjia.com/ershoufang/105100891338.html,2室2厅,近地铁 VR房源 房本满五年,660,,碧海高层大两房 满五年红本 厅出阳台
97.56平米,单价74826元/平米,金港豪庭  皇岗,精装,南,5人关注,https://sz.lianjia.com/ershoufang/105103404528.html,3室2厅,近地铁 VR房源 房本满两年 随时看房,730,,金港豪庭 3室2厅 730万
106.32平米,单价61137元/平米,新世界家园  梅林,精装,东南,23人关注,https://sz.lianjia.com/ershoufang/105103021760.html,3室2厅,近地铁 VR房源 房本满两年 随时看房,650,,新世界家园 高层好视野 层高3.3米 精装修 满两年
81.86平米,单价61080元/平米,嘉洲华苑  车公庙,简装,南,91人关注,https://sz.lianjia.com/ershoufang/105102517853.html,3室1厅,VR房源 房本满两年,500,,福田CBD，自住装修，诚心出售，正南向。
141.58平米,单价74164元/平米,圆梦园  福田保税区,精装,南,6人关注,https://sz.lianjia.com/ershoufang/105102111193.html,5室2厅,VR房源 房本满两年,1050,,福田保税区，标准五房，户型方正，安静居家，诚心出售
219.7平米,单价109240元/平米,万科温馨家园  香蜜湖,简装,东 西,11人关注,https://sz.lianjia.com/ershoufang/105101471339.html,5室2厅,近地铁 VR房源 房本满五年,2400,,万科温馨家园 顶楼中空复式 户型好  格局方正 板楼
41.15平米,单价77765元/平米,京基滨河时代  上下沙,精装,东北,13人关注,https://sz.lianjia.com/ershoufang/105101441484.html,1室1厅,近地铁 VR房源 房本满五年,320,,京基滨河时代 安静一房一厅  红本在手 业主诚售
86.84平米,单价71396元/平米,碧华庭居  梅林,精装,北,2人关注,https://sz.lianjia.com/ershoufang/105103560548.html,2室1厅,近地铁 VR房源 房本满两年,620,15天以前发布,18年的精装修，自住，北向安静看塘朗山山景，厅出阳台
155.39平米,单价86106元/平米,翰岭院  梅林,精装,南,16人关注,https://sz.lianjia.com/ershoufang/105102454501.html,5室2厅,近地铁 VR房源 房本满五年,1338,,带23㎡大入户花园，20㎡双阳台朝泳池安静可做独门独户
67.53平米,单价72561元/平米,京基滨河时代  上下沙,精装,南,65人关注,https://sz.lianjia.com/ershoufang/105101823154.html,2室1厅,近地铁 VR房源 房本满五年,490,,满五年，红本在手，优质两房，诚意出售
77.52平米,单价83850元/平米,益田村  石厦,简装,北,4人关注,https://sz.lianjia.com/ershoufang/105103524849.html,3室1厅,近地铁 VR房源 房本满五年,650,21天以前发布,中间楼层，视野采光好，业主诚心出售
86.73平米,单价66875元/平米,皇御苑二期  皇岗,精装,东北,8人关注,https://sz.lianjia.com/ershoufang/105103486712.html,3室1厅,近地铁 VR房源 房本满五年,580,28天以前发布,皇御苑二期 3室1厅 580万
129.11平米,单价89072元/平米,越海家园  竹子林,简装,南 北,17人关注,https://sz.lianjia.com/ershoufang/105102631214.html,4室2厅,近地铁 VR房源 房本满五年,1150,,越海家园 高层海景4房 南北通透 视野开阔 诚心卖
227平米,单价52864元/平米,玉福楼  上步,精装,东南,3人关注,https://sz.lianjia.com/ershoufang/105102658633.html,4室2厅,近地铁 VR房源 房本满两年,1200,,玉福楼 4室2厅 1200万
62.55平米,单价70344元/平米,帝港海湾豪园  福田保税区,精装,西,10人关注,https://sz.lianjia.com/ershoufang/105103516712.html,2室1厅,VR房源 房本满五年 随时看房,440,23天以前发布,帝港海湾豪园精装两房，业主诚心出售
128.58平米,单价68440元/平米,金海湾花园  上下沙,精装,西南,12人关注,https://sz.lianjia.com/ershoufang/105102260079.html,3室2厅,VR房源 房本满两年,880,,金地品牌物业大花园，车位充足；大金沙改造；
114.79平米,单价95828元/平米,城中雅苑  福田中心,精装,南,85人关注,https://sz.lianjia.com/ershoufang/105101822809.html,3室2厅,近地铁 VR房源 房本满五年,1100,,城中雅苑 高层东南向三房 安静住家 五年唯一
94.45平米,单价54844元/平米,皇洲花园  福田中心,简装,东北,124人关注,https://sz.lianjia.com/ershoufang/105101432239.html,3室2厅,近地铁 VR房源 房本满五年,518,,近地铁 方正大三房 视野采光好 安静无遮挡 同户型低价
309.24平米,单价64675元/平米,安栢丽晶  景田,简装,东 南 西,64人关注,https://sz.lianjia.com/ershoufang/105100866629.html,5室3厅,近地铁 VR房源 房本满两年,2000,,高楼层，5房户型，采光好，看高尔夫景观。
39平米,单价66667元/平米,祥云天都世纪大厦  新洲,精装,北,25人关注,https://sz.lianjia.com/ershoufang/105102495892.html,1室0厅,近地铁 VR房源 房本满五年 随时看房,260,,楼下家乐福和沙尾地铁口 单房 诚心卖！
86.87平米,单价103373元/平米,嘉葆润金座  新洲,精装,东,61人关注,https://sz.lianjia.com/ershoufang/105101687155.html,4室2厅,近地铁 VR房源 房本满五年,898,,13年复式大4房，厅出阳台高楼层朝东看福田CBD香港山景
41.28平米,单价75097元/平米,韵动家园  新洲,精装,东,20人关注,https://sz.lianjia.com/ershoufang/105103579399.html,1室1厅,近地铁 VR房源 房本满两年,310,12天以前发布,韵动家园 福田体育公园旁7号线上沙站 精装一房一厅
95.72平米,单价79399元/平米,梅林一村七区  梅林,精装,西南,1人关注,https://sz.lianjia.com/ershoufang/105103545929.html,3室2厅,近地铁 VR房源 房本满五年,760,18天以前发布,多层围合，端头位，视野无遮挡，诚心出售，看房方便。
145.33平米,单价61103元/平米,宝瑞轩  福田保税区,简装,南,5人关注,https://sz.lianjia.com/ershoufang/105103546028.html,5室2厅,VR房源 房本满五年,888,18天以前发布,安静，户型方正，     实用，
46.58平米,单价63332元/平米,越海家园  竹子林,精装,南,39人关注,https://sz.lianjia.com/ershoufang/105101556856.html,1室1厅,近地铁 VR房源 房本满五年,295,,越海家园 正南向 安静舒适1房 70年产权公寓 诚心卖
96.28平米,单价68447元/平米,绿景新洋房  新洲,简装,南,46人关注,https://sz.lianjia.com/ershoufang/105102019659.html,3室2厅,近地铁 VR房源 房本满五年,659,,经典大三居，南北通，你爱吗？？？
73.27平米,单价62100元/平米,锦滨苑  新洲,简装,南,12人关注,https://sz.lianjia.com/ershoufang/105102242840.html,2室2厅,近地铁 VR房源 房本满五年 随时看房,455,,安静社区 满五年  红本大两房
109.06平米,单价64185元/平米,帝港海湾豪园  福田保税区,简装,南,2人关注,https://sz.lianjia.com/ershoufang/105103615475.html,3室2厅,VR房源 房本满两年,700,5天以前发布,帝港海湾豪园 3室2厅 700万
173.08平米,单价92443元/平米,深业花园  莲花,精装,西北,39人关注,https://sz.lianjia.com/ershoufang/105101577488.html,4室2厅,近地铁 VR房源 房本满两年 随时看房,1600,,新装修复式4房，可看泳池景观，俯瞰莲花山
77.6平米,单价114433元/平米,中泰燕南名庭  华强北,简装,东北,3人关注,https://sz.lianjia.com/ershoufang/105103531513.html,2室2厅,近地铁 VR房源 房本满五年,888,20天以前发布,未使用用  产权清晰  诚心出售
245.88平米,单价122011元/平米,东海国际公寓  香蜜湖,精装,西南,30人关注,https://sz.lianjia.com/ershoufang/105101444122.html,2室2厅,近地铁 VR房源 房本满五年,3000,,东海国际公寓，一线海景房，红本在手，诚心出售。
98.2平米,单价61100元/平米,祥云天都世纪大厦  新洲,精装,南,331人关注,https://sz.lianjia.com/ershoufang/105101268773.html,4室2厅,近地铁 VR房源 房本满五年,600,,小区端头位置，三面通风采光，次新装修，实用四房
92.92平米,单价86096元/平米,园岭新村  园岭,精装,南,16人关注,https://sz.lianjia.com/ershoufang/105103396321.html,3室2厅,近地铁 VR房源 房本满五年,800,,园岭新村 楼层好 精装修直接入住 红本在手交易便利
56.39平米,单价79802元/平米,皇庭世纪  石厦,简装,北,121人关注,https://sz.lianjia.com/ershoufang/105103150195.html,2室1厅,近地铁 VR房源 房本满两年,450,,会展旁小两房，大社区，户型方正，诚心出售
91.64平米,单价72676元/平米,长城盛世家园二期  莲花,简装,北,48人关注,https://sz.lianjia.com/ershoufang/105101380486.html,3室1厅,近地铁 VR房源 房本满五年,666,,长城盛世家园二期私密性很好的3房2卫
40.57平米,单价77644元/平米,华府馨居  梅林,精装,北,85人关注,https://sz.lianjia.com/ershoufang/105103299929.html,1室1厅,近地铁 VR房源 房本满两年 随时看房,315,,天虹旁，双地铁口低密度一房一厅，电梯小高层，急卖
70.2平米,单价85186元/平米,花里林居  梅林,精装,北,149人关注,https://sz.lianjia.com/ershoufang/105102649315.html,3室2厅,近地铁 VR房源 房本满五年,598,,花里林居  正规三房 精装 业主急卖 看房方
61.11平米,单价60547元/平米,合旺阁  梅林,简装,南,32人关注,https://sz.lianjia.com/ershoufang/105103582561.html,2室1厅,近地铁 VR房源 房本满两年,370,11天以前发布,上梅林地铁口，南向二房，经典户型，安静看小区。
108.96平米,单价60573元/平米,长城盛世家园一期  莲花,简装,东北,137人关注,https://sz.lianjia.com/ershoufang/105102301604.html,3室1厅,近地铁 VR房源 房本满两年,660,,莲花山公园旁，楼下地铁口，大三房两卫阳台，使用率高
63.45平米,单价80064元/平米,都市花园  车公庙,精装,南,85人关注,https://sz.lianjia.com/ershoufang/105103065197.html,2室1厅,近地铁 VR房源 房本满两年,508,,空间利用，时尚搭配，幸福理想家
50.2平米,单价50797元/平米,苏豪名厦  南头,简装,西南,17人关注,https://sz.lianjia.com/ershoufang/105102549089.html,1室0厅,近地铁 VR房源 房本满五年,255,,苏豪名厦，大一房，地铁口物业，配套成熟，总价低
245平米,单价102041元/平米,南海玫瑰花园一期  蛇口,简装,东南 南,4人关注,https://sz.lianjia.com/ershoufang/105103323865.html,6室1厅,近地铁 VR房源 房本满五年 随时看房,2500,,海上世界 南海玫瑰一期 经典复式
74.29平米,单价69996元/平米,荔庭园二期  前海,精装,北,73人关注,https://sz.lianjia.com/ershoufang/105101870079.html,2室1厅,近地铁 VR房源 房本满五年,520,,两房户型，居住舒服安静不吵，刚需改善均可；
45.8平米,单价50000元/平米,丽湾国际公寓  前海,简装,北,57人关注,https://sz.lianjia.com/ershoufang/105102983139.html,2室1厅,房本满两年,229,,前海自贸区旁精装小公寓诚心出售，满两年
91.86平米,单价130634元/平米,蔚蓝海岸3期  后海,精装,东南,6人关注,https://sz.lianjia.com/ershoufang/105103455767.html,3室2厅,近地铁 VR房源 房本满五年,1200,,满五年 红本在手 标准三房 户型方正 小高层安静看园景
97.28平米,单价66818元/平米,现代城华庭  南山中心,简装,西,3人关注,https://sz.lianjia.com/ershoufang/105103417992.html,2室1厅,近地铁 VR房源 房本满两年,650,,现代城大两房，户型灵活，业主诚意出售。
58.5平米,单价84616元/平米,翠薇园  蛇口,简装,南,7人关注,https://sz.lianjia.com/ershoufang/105103380135.html,2室1厅,VR房源 房本满两年,495,,户型方正 实用 采光充足 通风好 看四海公园
61.6平米,单价81007元/平米,华联花园  南山中心,精装,北 南,4人关注,https://sz.lianjia.com/ershoufang/105103328953.html,2室1厅,近地铁 VR房源 房本满五年,499,,楼盘位置好，花园社区，生活气息浓厚，*迁规划
116.08平米,单价74087元/平米,阳光棕榈园一期  前海,精装,北,27人关注,https://sz.lianjia.com/ershoufang/105103246505.html,4室2厅,近地铁 VR房源 房本满五年,860,,阳光棕榈园一期 4室2厅 860万
71.98平米,单价85024元/平米,中海丽苑  南山中心,精装,南,13人关注,https://sz.lianjia.com/ershoufang/105103192890.html,2室1厅,近地铁 VR房源 房本满两年,612,,东南向高楼层两房，业主自住，装修保养好，采光视野佳
92.79平米,单价77380元/平米,方鼎华庭  南头,精装,东 西,18人关注,https://sz.lianjia.com/ershoufang/105103095612.html,3室2厅,VR房源 房本满五年,718,,中山公园旁 红本在手  诚心出售三房
89.21平米,单价99765元/平米,通讯小区  科技园,简装,南,9人关注,https://sz.lianjia.com/ershoufang/105103003921.html,3室2厅,VR房源 房本满五年,890,,通讯小区 满五红本 三房 南外文华未申请
93.22平米,单价64364元/平米,桃源村二期  西丽,精装,东北,12人关注,https://sz.lianjia.com/ershoufang/105102841593.html,3室2厅,近地铁 VR房源 房本满两年,600,,高楼层，视野好，精装修，拎包入住
81.83平米,单价71490元/平米,世纪假日广场  华侨城,精装,西南,33人关注,https://sz.lianjia.com/ershoufang/105102612746.html,2室1厅,近地铁 房本满两年,585,,世界之窗地铁口 精装两房 高楼层视野好 业主诚心出售
170.38平米,单价169621元/平米,汉京九榕台  前海,精装,东 西,12人关注,https://sz.lianjia.com/ershoufang/105102146173.html,4室2厅,VR房源 房本满两年,2890,,深圳半山别墅  看山看海 看房方便
82.88平米,单价91699元/平米,麒麟花园A区  南头,简装,东,6人关注,https://sz.lianjia.com/ershoufang/105103545627.html,2室1厅,VR房源 房本满两年,760,18天以前发布,南山麒麟实验  花园社区  业主诚心出售
62.22平米,单价67503元/平米,田厦金牛广场  南头,简装,南,0人关注,https://sz.lianjia.com/ershoufang/105103476617.html,2室1厅,近地铁 VR房源 房本满五年,420,30天以前发布,此房楼层好，视野开阔， 配套齐全，交通便利
94.76平米,单价58042元/平米,龙都花园  西丽,简装,北,32人关注,https://sz.lianjia.com/ershoufang/105102951040.html,3室2厅,近地铁 VR房源 房本满五年,550,,龙都花园，三房二厅，楼梯房面积大。
82平米,单价80000元/平米,山水情家园  前海,精装,南,19人关注,https://sz.lianjia.com/ershoufang/105102632673.html,2室2厅,近地铁 VR房源 房本满五年,656,,满五年唯一，低楼层安静看公园，看房随时
35.49平米,单价83123元/平米,沙河观景阁  白石洲,精装,南,62人关注,https://sz.lianjia.com/ershoufang/105102208992.html,1室1厅,近地铁 VR房源 房本满两年,295,,业主自住，南向， 带阳台，地铁口物业 ，价钱面议 ！
198.85平米,单价94846元/平米,博林天瑞  大学城,精装,南,11人关注,https://sz.lianjia.com/ershoufang/105101799449.html,4室2厅,近地铁 VR房源 房本满两年,1886,,博林天瑞高档小区，业主诚心在卖。
135.84平米,单价44906元/平米,鹏都大厦  南山中心,简装,东,45人关注,https://sz.lianjia.com/ershoufang/105101414337.html,4室1厅,近地铁 VR房源 房本满五年,610,,南山近地铁 满五唯一红本，大4房，业主诚意卖
194.72平米,单价118119元/平米,半山海景兰溪谷二期  蛇口,精装,南 北,8人关注,https://sz.lianjia.com/ershoufang/105102406587.html,5室2厅,近地铁 VR房源,2300,,此房刚好在树梢上，看出去绿油油一天好心情，对视力好
89.91平米,单价92315元/平米,首地容御  华侨城,精装,南,59人关注,https://sz.lianjia.com/ershoufang/105102331891.html,2室1厅,VR房源 房本满两年,830,,小高层 方正通透  艺术级别的装修
111.23平米,单价87027元/平米,星海名城二期八组团  前海,简装,东北,7人关注,https://sz.lianjia.com/ershoufang/105101513192.html,5室2厅,近地铁 VR房源 房本满五年,968,,星海名城二期 五房出售   看房方便
76.66平米,单价67832元/平米,康乐大厦  南山中心,简装,东南,3人关注,https://sz.lianjia.com/ershoufang/105103534549.html,2室1厅,近地铁 VR房源 房本满两年,520,20天以前发布,康乐大厦 2室1厅 520万
108.49平米,单价96784元/平米,水湾1979二期  蛇口,精装,东南,25人关注,https://sz.lianjia.com/ershoufang/105101444432.html,2室2厅,近地铁 VR房源 房本满两年 随时看房,1050,,蛇口云端公寓  海上世界千亿商圈 楼下地铁口 盒马生鲜
57.5平米,单价86957元/平米,爱榕园  蛇口,精装,南,21人关注,https://sz.lianjia.com/ershoufang/105101697020.html,2室2厅,近地铁 VR房源 房本满五年,500,,爱榕园两房房子满五年，小区中间，格局宽广，户型方正
101.48平米,单价79819元/平米,阳光棕榈园一期  前海,精装,西南,20人关注,https://sz.lianjia.com/ershoufang/105102944697.html,3室2厅,近地铁 VR房源 房本满五年,810,,小区中间位置，客厅出阳台精装修三房
28.57平米,单价157508元/平米,泰阳硅谷公寓  科技园,简装,南,6人关注,https://sz.lianjia.com/ershoufang/105103562418.html,1室0厅,近地铁 VR房源 房本满五年,450,15天以前发布,南外大冲，红本在手  南向高层，采光很好
140.16平米,单价114156元/平米,中信红树湾北区  红树湾,精装,东南 南,6人关注,https://sz.lianjia.com/ershoufang/105103451025.html,2室2厅,近地铁 VR房源 房本满五年,1600,,中信红树湾北区 2室2厅 1600万
149.41平米,单价78978元/平米,香山里  华侨城,精装,西南,56人关注,https://sz.lianjia.com/ershoufang/105103418115.html,4室2厅,VR房源 房本满五年,1180,,波托菲诺  149.31㎡3+1房  户型方正 高层 保养好
68平米,单价88236元/平米,文竹园  蛇口,简装,南,8人关注,https://sz.lianjia.com/ershoufang/105103379544.html,3室1厅,近地铁 VR房源 房本满五年,600,,大湾区，自贸区，文主园三房，满五唯一红本
201.5平米,单价153847元/平米,百仕达红树西岸  红树湾,,东南,4人关注,https://sz.lianjia.com/ershoufang/105103330946.html,4室2厅,近地铁 VR房源 房本满两年,3100,,红树西岸201.5平，安静南向4房
176平米,单价76705元/平米,香山里  华侨城,,东南,11人关注,https://sz.lianjia.com/ershoufang/105103290925.html,4室2厅,VR房源 房本满五年,1350,,香山里二期标准4房2厅，业主自住，装修保养好，安静
89.13平米,单价64513元/平米,桃源村三期  西丽,简装,西北,27人关注,https://sz.lianjia.com/ershoufang/105103240415.html,3室1厅,近地铁 VR房源 房本满两年,575,,桃源村三期花园，三房，住家装修，看房子方便
173平米,单价154914元/平米,百仕达红树西岸  红树湾,,西南,0人关注,https://sz.lianjia.com/ershoufang/105103189884.html,3室2厅,近地铁 VR房源 房本满五年,2680,,西南向一线海景大三房，红本税少
195.64平米,单价99673元/平米,首地容御  华侨城,精装,南,4人关注,https://sz.lianjia.com/ershoufang/105103147701.html,4室1厅,VR房源 房本满五年,1950,,红本，装修保养好，安静小区，适合居住
141.48平米,单价109557元/平米,半岛城邦花园二期  蛇口,精装,南,13人关注,https://sz.lianjia.com/ershoufang/105103081378.html,4室2厅,近地铁 VR房源 房本满五年,1550,,满五年  户型方正  西南朝向   诚意出售  看房方便
113.19平米,单价65377元/平米,海景花园  华侨城,精装,南,12人关注,https://sz.lianjia.com/ershoufang/105103028861.html,3室2厅,近地铁 VR房源 房本满两年,740,,精装修，看海景，业主诚心出售，看房方便
169.73平米,单价82484元/平米,香格名苑  前海,精装,南,10人关注,https://sz.lianjia.com/ershoufang/105102970855.html,4室2厅,VR房源 房本满两年,1400,,香格名苑 4室2厅 1400万
79平米,单价70887元/平米,龙城新苑  南山中心,精装,东南,1人关注,https://sz.lianjia.com/ershoufang/105102876095.html,2室2厅,近地铁 VR房源 房本满五年,560,,龙城新苑 2室2厅 560万
179.06平米,单价111695元/平米,德尚世家  前海,精装,南,65人关注,https://sz.lianjia.com/ershoufang/105102754924.html,4室2厅,VR房源 房本满五年,2000,,前海品质社区，大复式看南山景，使用面积260平！诚售
89平米,单价162922元/平米,汉森吉祥龙  深圳湾,精装,西北,46人关注,https://sz.lianjia.com/ershoufang/105102455348.html,3室1厅,近地铁 VR房源 房本满两年,1450,,汉森吉祥龙 3室1厅 1450万
164.09平米,单价120666元/平米,半岛城邦花园一期  蛇口,精装,东南,4人关注,https://sz.lianjia.com/ershoufang/105102090756.html,4室2厅,近地铁 VR房源 房本满两年,1980,,看海景，通风采光好，4加一房，主人房带阳台
109平米,单价60551元/平米,海滨花园  蛇口,精装,南,12人关注,https://sz.lianjia.com/ershoufang/105101045535.html,2室2厅,近地铁 VR房源 房本满五年,660,,大两房，近海上世界，业主诚心卖单价比较低
65.57平米,单价78543元/平米,南光城市花园  南山中心,精装,东,19人关注,https://sz.lianjia.com/ershoufang/105103425621.html,2室1厅,近地铁 VR房源 房本满五年 随时看房,515,,端头位置东西对流 带入户 满5唯一红本 安静看花园
53.6平米,单价41978元/平米,光彩新天地  南山中心,简装,南,23人关注,https://sz.lianjia.com/ershoufang/105102770441.html,1室1厅,近地铁 VR房源 房本满五年 随时看房,225,,南山站商务 红本 业主很诚心出售
128.76平米,单价74558元/平米,前海丹华  前海,精装,东南,94人关注,https://sz.lianjia.com/ershoufang/105102783418.html,4室2厅,VR房源 房本满两年,960,,前海丹华 4室2厅 960万
120.42平米,单价49660元/平米,天源大厦  南山中心,精装,东南 南,66人关注,https://sz.lianjia.com/ershoufang/105102548441.html,3室1厅,近地铁 VR房源 房本满五年,598,,南山地铁口 天源大厦 精装三房 朝南向 配套完善
96.74平米,单价60162元/平米,学城绿园  大学城,精装,南 北,92人关注,https://sz.lianjia.com/ershoufang/105102304944.html,3室2厅,近地铁 VR房源 房本满五年,582,,世外桃源生活的小区，远离了喧嚣和吵杂
98.68平米,单价81071元/平米,万科云城  西丽,精装,西南,50人关注,https://sz.lianjia.com/ershoufang/105102062879.html,3室2厅,VR房源 房本满两年,800,,万科云城，大三房，商务公寓，业主诚心出售
107.61平米,单价102221元/平米,桂苑小区  红树湾,精装,南,7人关注,https://sz.lianjia.com/ershoufang/105101764852.html,4室2厅,近地铁 VR房源 房本满五年,1100,,桂苑小区107.61  4房2厅 双阳台 南北向 红本
135.84平米,单价53740元/平米,鹏都大厦  南山中心,精装,东,6人关注,https://sz.lianjia.com/ershoufang/105101304486.html,4室2厅,近地铁 VR房源 房本满两年,730,,鹏都大厦 大四房 近地铁 业主诚心卖
106.64平米,单价159415元/平米,恒立听海花园  科技园,精装,西南,9人关注,https://sz.lianjia.com/ershoufang/105103471728.html,4室1厅,近地铁 VR房源 房本满五年 随时看房,1700,30天以前发布,听海精装修3+1房，高楼层视野开阔
169.91平米,单价85340元/平米,博林天瑞  大学城,简装,南,1人关注,https://sz.lianjia.com/ershoufang/105102444256.html,4室2厅,近地铁 VR房源 房本满两年,1450,,精装修大户型一本正，东南朝向看塘朗山自然景观
133.75平米,单价97197元/平米,世纪村一期  红树湾,精装,东南 南,15人关注,https://sz.lianjia.com/ershoufang/105101544851.html,3室1厅,近地铁 VR房源 房本满五年,1300,,世纪村端头位置的三房 欧式装修简洁明亮 东向看园景
55.97平米,单价110417元/平米,城市印象  南山中心,精装,北,13人关注,https://sz.lianjia.com/ershoufang/105103549770.html,2室1厅,近地铁 VR房源 房本满两年,618,17天以前发布,此房满五年，花园社区精致两房、业主诚心出售。
51.26平米,单价113149元/平米,创世纪滨海花园  科技园,精装,西南,16人关注,https://sz.lianjia.com/ershoufang/105103507489.html,2室1厅,近地铁 VR房源 房本满两年,580,25天以前发布,业主诚售、正规2+1户型方正，卧室和客厅都朝西南向
156.53平米,单价130966元/平米,前海时代CEO公馆  前海,,南,18人关注,https://sz.lianjia.com/ershoufang/105101916333.html,4室2厅,VR房源 房本满两年 随时看房,2050,,"业主诚心卖,南北四房三卫，三个大阳台，高楼层看花园"
116.99平米,单价90607元/平米,海岸明珠园  南山中心,精装,北,35人关注,https://sz.lianjia.com/ershoufang/105101766241.html,3室1厅,近地铁 VR房源 房本满五年,1060,,海岸明珠少有放卖户型，3.6米层高，业主诚心出售
198.82平米,单价65386元/平米,世界花园  华侨城,精装,南,9人关注,https://sz.lianjia.com/ershoufang/105101072590.html,4室2厅,近地铁 VR房源 房本满五年,1300,,世界花园海华居  大四房  报价1300万
75.85平米,单价105208元/平米,花园城三期  蛇口,精装,东北,7人关注,https://sz.lianjia.com/ershoufang/105103619642.html,2室2厅,VR房源 房本满五年,798,4天以前发布,"蛇口花园城三期 , 品质小区.厅出阳台.精装修.只交契税"
60.76平米,单价75050元/平米,中爱花园  西丽,简装,东北,96人关注,https://sz.lianjia.com/ershoufang/105102308715.html,2室2厅,近地铁 VR房源 房本满五年,456,,中爱花园方正两房，塘朗山脚下安静
78.39平米,单价71438元/平米,怡然天地居  西丽,简装,东南,100人关注,https://sz.lianjia.com/ershoufang/105100424666.html,2室1厅,近地铁 VR房源 房本满五年,560,,十九冶新村  东南向  中间楼  安静
101.61平米,单价67907元/平米,宝珠花园  西丽,简装,北,15人关注,https://sz.lianjia.com/ershoufang/105103301907.html,3室2厅,近地铁 VR房源 房本满五年 随时看房,690,,西丽高铁站旁 宝珠花园人车分流 珠光地铁站 无欠款
117平米,单价109402元/平米,蔚蓝海岸3期  后海,精装,南,28人关注,https://sz.lianjia.com/ershoufang/105102841625.html,3室1厅,近地铁 VR房源 房本满五年 随时看房,1280,,后海蔚蓝海岸三期，格局宜居，采光充足。
193.74平米,单价74843元/平米,锦绣花园二期  华侨城,精装,西南 东北,44人关注,https://sz.lianjia.com/ershoufang/105101684888.html,4室1厅,近地铁 VR房源 房本满五年,1450,,华侨城侨城东地铁 锦绣花园二期大花园小区 方正四房
75.77平米,单价130395元/平米,朗景园  科技园,精装,南,2人关注,https://sz.lianjia.com/ershoufang/105103592650.html,3室1厅,近地铁 VR房源 房本满两年,988,9天以前发布,科技园高新地铁口，南向两房，满两年
102.89平米,单价88444元/平米,西海湾花园  后海,简装,北,9人关注,https://sz.lianjia.com/ershoufang/105102952901.html,3室2厅,近地铁 VR房源 房本满五年 随时看房,910,,西海湾花园安静大三房，满五唯一，税少交易快
46.38平米,单价53903元/平米,新保辉大厦  南山中心,,东南 西 东北,0人关注,https://sz.lianjia.com/ershoufang/105103571311.html,1室1厅,近地铁 房本满两年 随时看房,250,13天以前发布,新保辉大厦 1室1厅 250万
123平米,单价113822元/平米,波托菲诺侨香诺园  华侨城,,南,20人关注,https://sz.lianjia.com/ershoufang/105102885439.html,3室2厅,VR房源 房本满五年,1400,,波托菲诺侨香诺园 3室2厅 1400万
201.33平米,单价72022元/平米,宏观苑  科技园,精装,南 北,27人关注,https://sz.lianjia.com/ershoufang/105101418603.html,5室2厅,近地铁 VR房源 房本满五年,1450,,腾讯隔壁 3.5米层高 带固定停车位  一本证  适合住家
142.56平米,单价91190元/平米,西湖林语  大学城,精装,南 北,2人关注,https://sz.lianjia.com/ershoufang/105103525321.html,4室2厅,近地铁 VR房源 房本满五年,1300,21天以前发布,税费少 南北通透格局 楼层好 视野开阔 采光充足
123.24平米,单价72217元/平米,怡庭园  蛇口,精装,东 东南,1人关注,https://sz.lianjia.com/ershoufang/105103473859.html,4室1厅,近地铁 VR房源 房本满五年,890,30天以前发布,怡庭园 4室1厅 890万
151.43平米,单价118867元/平米,澳城花园一期  蛇口,精装,西,8人关注,https://sz.lianjia.com/ershoufang/105102388569.html,5室2厅,近地铁 VR房源 房本满五年,1800,,澳城花园一期 方正大五房 通风采光好
135.29平米,单价85742元/平米,康佳苑  华侨城,精装,东南,26人关注,https://sz.lianjia.com/ershoufang/105101353336.html,4室2厅,近地铁 VR房源 房本满五年,1160,,满五年 新装修 拎包入住 近30平米大露台 景观好视野佳
224.32平米,单价115906元/平米,京基御景东方  红树湾,精装,东 西 北,10人关注,https://sz.lianjia.com/ershoufang/105102553955.html,4室2厅,近地铁 VR房源 房本满五年,2600,,御景东方高层四房，通透安静，看花园，露台看湖景
130.29平米,单价63551元/平米,城市假日花园  西丽,简装,南,84人关注,https://sz.lianjia.com/ershoufang/105101201989.html,3室2厅,近地铁 VR房源 房本满五年,828,,城市假日 东南向  通风采光 看园景
124.57平米,单价90311元/平米,凯德公园1号  南山中心,,南,14人关注,https://sz.lianjia.com/ershoufang/105102400459.html,3室2厅,近地铁 房本满两年 随时看房,1125,,凯德公园1号 3室2厅 1125万
41.89平米,单价87850元/平米,南海大厦  南山中心,简装,东,4人关注,https://sz.lianjia.com/ershoufang/105103618025.html,1室1厅,近地铁 VR房源 房本满两年,368,4天以前发布,南海大厦 1室1厅 368万
106.95平米,单价68257元/平米,华府假日大厦  蛇口,精装,南,3人关注,https://sz.lianjia.com/ershoufang/105103559819.html,3室2厅,近地铁 VR房源 房本满五年,730,15天以前发布,华府假日高层南向三房，楼下就是水湾地铁口
75.33平米,单价68765元/平米,龙城新苑  南山中心,精装,南,1人关注,https://sz.lianjia.com/ershoufang/105103527994.html,2室2厅,近地铁 VR房源 房本满五年 随时看房,518,21天以前发布,满五唯一，二加一房，朝南，采光通透
144.26平米,单价62388元/平米,世界花园  华侨城,简装,西北,21人关注,https://sz.lianjia.com/ershoufang/105101836119.html,3室2厅,近地铁 VR房源 房本满五年 随时看房,900,,业主自住中 保养好的3+1房 业主诚心卖，看房提前约
115平米,单价85218元/平米,美庐锦园  红树湾,精装,南,59人关注,https://sz.lianjia.com/ershoufang/105102043294.html,3室2厅,近地铁 VR房源 房本满五年,980,,美庐锦园 3室2厅 980万
141.32平米,单价67224元/平米,塘朗城广场东区  大学城,,南 北,183人关注,https://sz.lianjia.com/ershoufang/105101420713.html,5室2厅,近地铁 VR房源 房本满两年 随时看房,950,,2016年国企开发 地铁物业 3T4户 正规大四房 看山景
104.5平米,单价66986元/平米,嘉南美地  南头,简装,南 北,39人关注,https://sz.lianjia.com/ershoufang/105101433882.html,3室2厅,VR房源 房本满五年,700,,嘉南美地正规三房，户型方正，适合居家
140.55平米,单价76841元/平米,缤纷假日豪园  南山中心,简装,东 西,47人关注,https://sz.lianjia.com/ershoufang/105100653643.html,4室2厅,近地铁 VR房源 房本满五年,1080,,缤纷假日豪园 4室2厅 1080万
39.08平米,单价87002元/平米,方鼎华庭  南头,精装,南,75人关注,https://sz.lianjia.com/ershoufang/105103453726.html,1室1厅,VR房源 房本满五年,340,,方鼎华庭精装修的一房 小高层 车位充足
51.67平米,单价100639元/平米,中信红树湾北区  红树湾,精装,东南,14人关注,https://sz.lianjia.com/ershoufang/105103408901.html,1室1厅,近地铁 VR房源 房本满五年,520,,东南向  海景一房 红本在手 诚意出售！！
86平米,单价59303元/平米,月亮湾花园  前海,简装,东,37人关注,https://sz.lianjia.com/ershoufang/105103384365.html,3室1厅,VR房源 房本满两年,510,,月亮湾花园 标准三房 *迁物业
75.93平米,单价86923元/平米,花园城一期  蛇口,简装,西南,56人关注,https://sz.lianjia.com/ershoufang/105102859451.html,2室1厅,近地铁 VR房源 房本满五年,660,,业主诚心出售   双阳台  花园城一期
91.58平米,单价52414元/平米,桃源村二期  西丽,简装,东北,22人关注,https://sz.lianjia.com/ershoufang/105103588384.html,2室1厅,近地铁 VR房源 房本满五年,480,10天以前发布,桃源村二期 2室1厅 480万
138平米,单价94203元/平米,华彩天成居  南山中心,精装,西南,8人关注,https://sz.lianjia.com/ershoufang/105102988251.html,4室2厅,近地铁 VR房源 房本满五年,1300,,此房满五年唯一红本，西南向，安静社区，车位充足
42.48平米,单价67326元/平米,南贸综合楼  南头,精装,南,55人关注,https://sz.lianjia.com/ershoufang/105103572363.html,2室2厅,近地铁 VR房源 房本满五年,286,13天以前发布,此房装修好，看房方便，业主自住，楼上带有私家花园！
57.55平米,单价98176元/平米,花园城一期  蛇口,精装,北,206人关注,https://sz.lianjia.com/ershoufang/105101118040.html,2室1厅,近地铁 VR房源 房本满五年,565,,花园城一期精装小两房 满2年 前后阳台 业主诚心卖房
87.83平米,单价63760元/平米,龙辉花园  西丽,精装,南,7人关注,https://sz.lianjia.com/ershoufang/105103551837.html,3室1厅,近地铁 VR房源 房本满两年,560,17天以前发布,西丽高铁站旁  珠光地铁站精装三房 中间层南向
166.02平米,单价93363元/平米,华润城润府一期  科技园,,东,265人关注,https://sz.lianjia.com/ershoufang/105102399915.html,5室1厅,近地铁 VR房源 房本满两年 随时看房,1550,,华润城润府一期166平五房满两年红本价格可谈
52平米,单价57693元/平米,壹海城四区  沙头角,精装,北,0人关注,https://sz.lianjia.com/ershoufang/105103443847.html,1室1厅,房本满两年,300,,壹海城四区 ，楼下就是商城，复式一房，看房方便
55.9平米,单价47943元/平米,东部阳光  沙头角,简装,东南,5人关注,https://sz.lianjia.com/ershoufang/105102944683.html,2室1厅,房本满五年,268,,内有游泳池，楼层高，南向，户型好，满五唯一
48.59平米,单价32929元/平米,鸿威海怡轩  梅沙,精装,东南,2人关注,https://sz.lianjia.com/ershoufang/105102329375.html,1室0厅,房本满五年,160,,渡假公寓，地处梅沙C位，诚意出售，价格可谈
69.51平米,单价51792元/平米,盛世名门  沙头角,精装,西南,3人关注,https://sz.lianjia.com/ershoufang/105101420724.html,2室2厅,房本满两年,360,,关口物业，精装3.2米层高两房，满两年，高楼层采光好
42.74平米,单价38606元/平米,花样年花港家园  盐田港,,西南,1人关注,https://sz.lianjia.com/ershoufang/105103629143.html,1室1厅,,165,2天以前发布,花样年花港家园 朝南 一房一厅 高楼层 采光通透
114.71平米,单价40014元/平米,万科东海岸  梅沙,精装,东南 西南,3人关注,https://sz.lianjia.com/ershoufang/105103334664.html,3室2厅,房本满两年,459,,盐田大梅沙海景 万科 精装三居室 绿化环境好大社区
84.64平米,单价49622元/平米,港城蓝山雅园  盐田港,精装,南,1人关注,https://sz.lianjia.com/ershoufang/105103124589.html,3室2厅,VR房源 房本满两年,420,,静享舒适，自带泳池，视野开阔，交通便利，教育完善
205.52平米,单价81744元/平米,蓝郡广场  沙头角,,南,0人关注,https://sz.lianjia.com/ershoufang/105102646126.html,5室3厅,房本满五年,1680,,蓝郡广场复式大宅，沙头角老牌名邸，恭迎品鉴
46.77平米,单价102630元/平米,海滨假日  盐田港,简装,东南,3人关注,https://sz.lianjia.com/ershoufang/105103477145.html,6室3厅,房本满五年,480,30天以前发布,海滨假日顶楼复式六房，朝南看海景，满五年唯一
34.19平米,单价45335元/平米,华逸园  沙头角,简装,西南,5人关注,https://sz.lianjia.com/ershoufang/105103409808.html,1室1厅,VR房源,155,,华逸园 红本在手满2年区政府位置好 广福百货 海山站
67.6平米,单价41421元/平米,君临海域  沙头角,简装,东南,8人关注,https://sz.lianjia.com/ershoufang/105102226869.html,2室2厅,VR房源,280,,君临海域 2室2厅 280万
58.5平米,单价41026元/平米,幸福海  盐田港,精装,东南,23人关注,https://sz.lianjia.com/ershoufang/105103045320.html,2室1厅,VR房源 房本满两年,240,,满两年 户型方正实用 东南向高楼层采光视野好
82.35平米,单价38859元/平米,万科东海岸  梅沙,简装,南,8人关注,https://sz.lianjia.com/ershoufang/105102821883.html,2室1厅,VR房源 房本满两年,320,,在售房源户型好，住家安静，中高楼层，看小区园景
85.22平米,单价52805元/平米,棕榈湾  沙头角,精装,东南,0人关注,https://sz.lianjia.com/ershoufang/105103405711.html,2室1厅,VR房源 房本满五年,450,,棕榈湾，精装大两房，满5年.红本，税费少过户快!
31.67平米,单价37891元/平米,海川阁  盐田港,简装,北,5人关注,https://sz.lianjia.com/ershoufang/105103203766.html,1室1厅,VR房源 房本满五年,120,,房子满五年唯一，红本在手，税费少
18.86平米,单价45069元/平米,蓝田壹站  沙头角,精装,东,4人关注,https://sz.lianjia.com/ershoufang/105103028535.html,1室0厅,VR房源 房本满两年,85,,此房满两年 总价低 税费少 准地铁口物业
80.36平米,单价39821元/平米,南方明珠花园B区  盐田港,简装,南,9人关注,https://sz.lianjia.com/ershoufang/105102732291.html,2室1厅,VR房源 房本满五年,320,,盐田地铁口交通生活方便花园社区。
49.53平米,单价33314元/平米,鸿威海怡轩  梅沙,精装,南,19人关注,https://sz.lianjia.com/ershoufang/105102066907.html,1室0厅,VR房源 房本满五年,165,,鸿威海怡轩精装开间，业主诚心出售，看房方便
56.67平米,单价46762元/平米,东部翠海轩  沙头角,精装,东南,41人关注,https://sz.lianjia.com/ershoufang/105102683967.html,2室1厅,VR房源 房本满两年,265,,东部翠海轩朝南小两房全明格局端头位置通风采光好
18.86平米,单价46660元/平米,蓝田壹站  沙头角,简装,南,14人关注,https://sz.lianjia.com/ershoufang/105101872120.html,1室0厅,VR房源 房本满两年,88,,蓝田壹站 单身宿舍 总价低 满二 过度好房
78.65平米,单价50859元/平米,海山道1号  沙头角,精装,北,17人关注,https://sz.lianjia.com/ershoufang/105101429069.html,2室1厅,VR房源 房本满五年,400,,区政府 壹海城旁 海山道1号 精装2房 满五年 诚心出售
64.78平米,单价46311元/平米,君临海域  沙头角,精装,东南,3人关注,https://sz.lianjia.com/ershoufang/105102692321.html,2室2厅,VR房源 房本满五年,300,,君临海域 高品质公寓 精装两房 诚意出售
116.96平米,单价33345元/平米,中信海滨花园  沙头角,简装,西南,1人关注,https://sz.lianjia.com/ershoufang/105103336616.html,3室1厅,VR房源 房本满五年,390,,中信海滨花园 满二年 有少量欠款 自己住有装修
111平米,单价44145元/平米,金港盛世华庭  盐田港,简装,东,0人关注,https://sz.lianjia.com/ershoufang/105103139620.html,3室2厅,VR房源 房本满五年,490,,金港盛世华庭 大三房  高楼层 采光通风好 楼下超市
134.65平米,单价48274元/平米,中海半山溪谷花园  盐田港,,东南,7人关注,https://sz.lianjia.com/ershoufang/105102722416.html,4室1厅,VR房源 房本满五年,650,,一手毛坯  满五年 业主急卖，价格可谈
65.71平米,单价38046元/平米,优品艺墅  梅沙,精装,西南,13人关注,https://sz.lianjia.com/ershoufang/105101807449.html,2室2厅,VR房源 房本满五年,250,,优品艺墅 通透采光好 西班牙风情小区 生活配套完善
55平米,单价33637元/平米,南方明珠花园B区  盐田港,简装,西南,11人关注,https://sz.lianjia.com/ershoufang/105103366279.html,1室1厅,VR房源 房本满两年 随时看房,185,,南方明珠花园 精装1房1厅 满2年 诚信卖
48.8平米,单价56353元/平米,倚山时代雅居  盐田港,精装,南,10人关注,https://sz.lianjia.com/ershoufang/105102690139.html,3室1厅,VR房源 房本满两年,275,,盐田港倚山时代雅居南向两居室高楼层满二年看房方便
89.9平米,单价40045元/平米,幸福海  盐田港,简装,东南,16人关注,https://sz.lianjia.com/ershoufang/105101714112.html,4室1厅,VR房源 房本满五年,360,,幸福海家园 朝南四房 实用率高 采光好 业主诚意出售
48.27平米,单价54900元/平米,三环宿舍  沙头角,精装,南,4人关注,https://sz.lianjia.com/ershoufang/105101948154.html,2室1厅,VR房源 房本满五年,265,,沙头角 大两房  精装修  朝南采光好
74.44平米,单价37615元/平米,裕达华庭  盐田港,简装,南,4人关注,https://sz.lianjia.com/ershoufang/105103486328.html,2室1厅,VR房源 房本满五年,280,28天以前发布,地铁口物业，适合一家人居住 配套好， 满五年
106.55平米,单价38480元/平米,湖心岛公寓  梅沙,简装,南,3人关注,https://sz.lianjia.com/ershoufang/105101272519.html,2室1厅,VR房源 房本满五年 随时看房,410,,湖心岛公寓 两房 满五年 西班牙风情小镇度假优选 湖景
199.4平米,单价41625元/平米,碧海蓝天名苑  沙头角,精装,东南,18人关注,https://sz.lianjia.com/ershoufang/105101610333.html,5室2厅,VR房源 房本满五年,830,,碧海蓝天名苑 东南向大户型 看海景 满5年红本在手
185.25平米,单价33901元/平米,优品艺墅  梅沙,精装,东南,28人关注,https://sz.lianjia.com/ershoufang/105102495346.html,4室2厅,VR房源 房本满两年,628,,优品艺墅大平面。带入户。两个露台，南向
84.69平米,单价50184元/平米,港城蓝山雅园  盐田港,,南,3人关注,https://sz.lianjia.com/ershoufang/105102206106.html,3室2厅,VR房源 房本满两年 随时看房,425,,户型方正 拓展面积大 视野开阔 通风采光足 得房率高
101平米,单价158416元/平米,上东湾  沙头角,精装,南,0人关注,https://sz.lianjia.com/ershoufang/105103308054.html,5室2厅,VR房源 房本满五年,1600,,上东湾  精装修 满了5年 费用少 看房方便
89.06平米,单价48283元/平米,倚山花园三期  沙头角,,东北,27人关注,https://sz.lianjia.com/ershoufang/105100528734.html,3室1厅,VR房源 房本满两年 随时看房,430,,倚山花园三期  通风采光好 满2年 住家安静 配套齐
126.58平米,单价42266元/平米,佳兆业盐田城市广场  盐田港,简装,南,0人关注,https://sz.lianjia.com/ershoufang/105103489462.html,3室2厅,VR房源 房本满两年 随时看房,535,28天以前发布,佳兆业山海城 东北精装 红本满两年 可免个税
19平米,单价43158元/平米,蓝田壹站  沙头角,简装,西北,11人关注,https://sz.lianjia.com/ershoufang/105101382219.html,1室0厅,VR房源 房本满五年,82,,蓝田壹站 单身公寓 满五年 费用少 总价低
38.18平米,单价85124元/平米,白金酒店公寓  新安,精装,东北,3人关注,https://sz.lianjia.com/ershoufang/105103633688.html,2室1厅,近地铁 房本满两年,325,1天以前发布,地铁口物业，精装电梯两居室，税费低
158.8平米,单价93829元/平米,金泓凯旋城一期  宝安中心,精装,东南,8人关注,https://sz.lianjia.com/ershoufang/105101793171.html,4室2厅,近地铁,1490,,金泓凯旋城一期 4室2厅 1490万
77.05平米,单价61000元/平米,碧海富通城三期  碧海,简装,西南,96人关注,https://sz.lianjia.com/ershoufang/105103439568.html,2室1厅,近地铁 房本满五年,470,,碧海湾地铁口  复式精装  朝向西南
38.69平米,单价36186元/平米,鸿荣源禧园  沙井,简装,南,17人关注,https://sz.lianjia.com/ershoufang/105103318183.html,1室1厅,房本满五年,140,,鸿荣源禧园 1室1厅 140万
32.12平米,单价124534元/平米,富通好旺角一期  宝安中心,精装,东北,10人关注,https://sz.lianjia.com/ershoufang/105103081860.html,1室1厅,近地铁 房本满五年,400,,宝中双地铁，经典一居室，衣食住行一站式
89.8平米,单价54009元/平米,星航华府  福永,精装,东北,27人关注,https://sz.lianjia.com/ershoufang/105102809702.html,3室2厅,房本满五年,485,,天虹楼下 地铁12号黄田站 高楼层 精装修 朝南户型
127.06平米,单价43287元/平米,丽沙花都  沙井,精装,东,7人关注,https://sz.lianjia.com/ershoufang/105102450638.html,4室2厅,房本满五年,550,,大空港精装大四房，丽沙红本南向大四房，诚售！
127.38平米,单价47104元/平米,兴达华府  西乡,精装,东,3人关注,https://sz.lianjia.com/ershoufang/105101615323.html,3室1厅,房本满五年,600,,满五年唯一，户型方正，采光充足，看房方便
92.08平米,单价106430元/平米,佳华名苑  宝安中心,精装,东北,15人关注,https://sz.lianjia.com/ershoufang/105101268107.html,3室1厅,近地铁 房本满两年,980,,精装复式房业主诚心在卖，看房要提前约
60平米,单价30000元/平米,深业沙河U中心  曦城,精装,南,1人关注,https://sz.lianjia.com/ershoufang/105101982112.html,1室1厅,房本满两年,180,,深业沙河U中心 1室1厅 180万
102.75平米,单价92458元/平米,西城上筑花园  宝安中心,精装,北 东北,6人关注,https://sz.lianjia.com/ershoufang/105103523364.html,3室2厅,近地铁 房本满两年,950,22天以前发布,西城上筑花园 3室2厅 950万
127.62平米,单价37612元/平米,中海西岸华府北区  松岗,精装,南 北,5人关注,https://sz.lianjia.com/ershoufang/105102457484.html,3室2厅,房本满两年,480,,11号线松岗站中海西岸华府南北通透3+1房出售
104.2平米,单价49425元/平米,碧涛阁  翻身,简装,东南,2人关注,https://sz.lianjia.com/ershoufang/105103576022.html,3室2厅,近地铁 房本满五年,515,12天以前发布,碧涛阁 3室2厅 515万
69.1平米,单价53546元/平米,新安湖花园  新安,精装,东南 西北,175人关注,https://sz.lianjia.com/ershoufang/105102706479.html,2室2厅,近地铁 VR房源 房本满五年,370,,满五唯一 东南向看花园 大社区地铁口物业 海雅商圈
45.3平米,单价92716元/平米,前海银鸿  翻身,精装,东南,1人关注,https://sz.lianjia.com/ershoufang/105102370506.html,2室1厅,随时看房,420,,宝安大前海  双地铁  精装公寓  业主诚心卖 方便看
102.25平米,单价69438元/平米,海湾明珠  西乡,简装,东南,10人关注,https://sz.lianjia.com/ershoufang/105101936246.html,5室2厅,近地铁 房本满两年,710,,电梯房，看房比较方便，装修保养好。
254.64平米,单价117814元/平米,招商华侨城曦城四期  曦城,,南 北,5人关注,https://sz.lianjia.com/ershoufang/105101657237.html,8室3厅,房本满五年,3000,,此房有负一到地上3层带天台，前后花园 大阳台
96.86平米,单价82078元/平米,万象新天  西乡,精装,东南,51人关注,https://sz.lianjia.com/ershoufang/105100800364.html,8室2厅,近地铁 房本满五年,795,,业主自住房  精装修 可直接拎包入住
147.09平米,单价50990元/平米,天骄世家  西乡,精装,南 西 北,18人关注,https://sz.lianjia.com/ershoufang/105101421256.html,5室1厅,房本满五年,750,,天骄世家大5房 花园中间安静 住家装修
95.25平米,单价69922元/平米,碧海名园  西乡,,南,1人关注,https://sz.lianjia.com/ershoufang/105103639805.html,4室1厅,近地铁 VR房源 房本满五年,666,,碧海名园 4室1厅 666万
42.47平米,单价63104元/平米,兴达华府  西乡,精装,东南,81人关注,https://sz.lianjia.com/ershoufang/105103320722.html,2室1厅,VR房源,268,,房子中间楼层，视野好，采光好，业主诚心出售
131.18平米,单价53362元/平米,中熙香莎公馆  沙井,,南,2人关注,https://sz.lianjia.com/ershoufang/105103387296.html,4室2厅,VR房源,700,,高楼层，四房南向，业主诚售，看房方便！
89.9平米,单价66741元/平米,领航城领秀花园  西乡,精装,东南,32人关注,https://sz.lianjia.com/ershoufang/105102613728.html,3室2厅,近地铁 VR房源,600,,领 航 城带精装修正规3房  看花园小区安静南北通风
72.85平米,单价68635元/平米,康达尔山海上城  西乡,精装,西,20人关注,https://sz.lianjia.com/ershoufang/105103431566.html,3室2厅,VR房源 房本满两年,500,,楼层高，视野开阔，精装修，2+1户型，进门带入户
255平米,单价58824元/平米,桃源居十五区  桃源居,,南,0人关注,https://sz.lianjia.com/ershoufang/105103313806.html,7室2厅,VR房源 房本满五年,1500,,带内庭院，花园中间安静一层两户，带三个车位。
46.42平米,单价65705元/平米,翠景居  西乡,简装,东南,106人关注,https://sz.lianjia.com/ershoufang/105103163282.html,2室1厅,VR房源 房本满五年,305,,满五年唯一，南向电梯两房，2010年小区花园！
60.51平米,单价49579元/平米,前海铂寓  碧海,,东南,8人关注,https://sz.lianjia.com/ershoufang/105102745554.html,2室1厅,房本满两年,300,,前海铂寓 2室1厅 300万
94.1平米,单价69076元/平米,桃源居四区  桃源居,精装,南,7人关注,https://sz.lianjia.com/ershoufang/105103118242.html,3室2厅,VR房源,650,,精装复式，业主诚心卖，当是交朋友
148.52平米,单价52519元/平米,西海岸花园  翻身,精装,西南,7人关注,https://sz.lianjia.com/ershoufang/105102182390.html,4室2厅,近地铁 VR房源 房本满五年,780,,西海岸花园 4室2厅 780万
48.21平米,单价65340元/平米,黄金大厦  新安,精装,西北,49人关注,https://sz.lianjia.com/ershoufang/105103470050.html,2室1厅,VR房源 房本满两年,315,31天以前发布,总价低，户型方正，配套齐全，居家舒适
82平米,单价71952元/平米,新安湖花园  新安,精装,东,5人关注,https://sz.lianjia.com/ershoufang/105103392369.html,2室1厅,近地铁 VR房源 房本满五年,590,,新安湖花园 2室1厅 590万
55.33平米,单价45184元/平米,前海铂寓  碧海,简装,南,6人关注,https://sz.lianjia.com/ershoufang/105103260666.html,1室1厅,房本满两年,250,,大铲湾旁，一线海景，大前海一房，业主诚心出售
38.18平米,单价79885元/平米,白金酒店公寓  新安,精装,东北,49人关注,https://sz.lianjia.com/ershoufang/105103068736.html,2室1厅,近地铁 VR房源 房本满五年,305,,710米地铁口 两房 满五年 家庭唯一 税费少 采光好
36.22平米,单价44175元/平米,万菱new寓  西乡,,东 东南,2人关注,https://sz.lianjia.com/ershoufang/105102665522.html,1室1厅,房本满两年,160,,万菱new寓 1室1厅 160万
125.8平米,单价47695元/平米,泛华苑  新安,简装,东北,4人关注,https://sz.lianjia.com/ershoufang/105101999684.html,3室2厅,近地铁 VR房源 房本满五年,600,,灵芝站 电梯三房 海雅缤纷城商圈 价格可谈。
115.83平米,单价45757元/平米,桃源居十区  桃源居,精装,南,12人关注,https://sz.lianjia.com/ershoufang/105102263910.html,3室2厅,VR房源 房本满五年,530,,桃源居十区 3室2厅 530万
56.03平米,单价51402元/平米,华盛盛荟  新安,精装,西南,40人关注,https://sz.lianjia.com/ershoufang/105103318271.html,2室1厅,VR房源 房本满两年,288,,业主自己住 地下停车场3层半 停车充足
121.64平米,单价42750元/平米,桃源居十四区  桃源居,简装,东,2人关注,https://sz.lianjia.com/ershoufang/105103251877.html,3室2厅,VR房源 房本满两年 随时看房,520,,业主诚心卖，户型方正单价低标准三房。
52.44平米,单价47674元/平米,合正汇一城  西乡,简装,东,1人关注,https://sz.lianjia.com/ershoufang/105103076159.html,1室1厅,近地铁 房本满两年,250,,1号线上面70年产权的真正商务公寓！
286.69平米,单价29998元/平米,龙翔山庄  福永,精装,东,22人关注,https://sz.lianjia.com/ershoufang/105101922540.html,7室2厅,VR房源 随时看房,860,,龙翔山庄，依山傍水，面朝立新湖
148.9平米,单价66488元/平米,冠城世家  新安,精装,南,2人关注,https://sz.lianjia.com/ershoufang/105103425087.html,3室2厅,近地铁 VR房源 房本满两年,990,,双地铁双公园围绕，满5唯一，花园中间南向
99.77平米,单价60139元/平米,泰华明珠  西乡,精装,东南,1人关注,https://sz.lianjia.com/ershoufang/105103371320.html,4室1厅,VR房源 房本满两年,600,,离地铁口仅300米，双地铁，通风采光好，可拎包入住
88.07平米,单价56774元/平米,万科翡丽郡四期  沙井,精装,南,9人关注,https://sz.lianjia.com/ershoufang/105103303116.html,3室2厅,VR房源 房本满两年,500,,精致装修，自住中高楼层，少量欠款，坐拥万科！
75.27平米,单价50220元/平米,中海西岸华府南区  松岗,精装,东南,63人关注,https://sz.lianjia.com/ershoufang/105103210292.html,3室2厅,近地铁 VR房源 房本满五年,378,,房子是红本在手的满五年家庭唯一一套住房
123平米,单价56748元/平米,滨海春城  翻身,,东南,8人关注,https://sz.lianjia.com/ershoufang/105103121788.html,3室1厅,VR房源 房本满五年,698,,滨海春城 朝南采光好 视野宽阔，采光充足
86.2平米,单价75407元/平米,金港华庭  西乡,精装,东南,4人关注,https://sz.lianjia.com/ershoufang/105103028852.html,3室2厅,近地铁 VR房源 房本满两年,650,,金港华庭 3室2厅 650万
107.6平米,单价44610元/平米,俊景园  西乡,精装,东北,7人关注,https://sz.lianjia.com/ershoufang/105102848121.html,3室2厅,VR房源 房本满五年,480,,地铁口物业，业主自住，满五唯一税费少
87.6平米,单价50115元/平米,天源花园  新安,简装,东南,30人关注,https://sz.lianjia.com/ershoufang/105102627661.html,3室2厅,VR房源 房本满两年,439,,采光充足，配套齐全，满五唯一，交通便利
94.36平米,单价44511元/平米,73区  西乡,精装,东南,4人关注,https://sz.lianjia.com/ershoufang/105102360418.html,3室2厅,VR房源 房本满两年,420,,看房方便   精装大三房   拎包入住  诚心出售
77.2平米,单价64767元/平米,怡合花园  新安,简装,东南,36人关注,https://sz.lianjia.com/ershoufang/105101522789.html,3室1厅,近地铁 VR房源 房本满五年,500,,地铁物业 两房改了三房 朝南看花园安静 红本在手
104.7平米,单价50621元/平米,桃源居十二区  桃源居,精装,东南,3人关注,https://sz.lianjia.com/ershoufang/105103538626.html,3室1厅,VR房源 房本满两年,530,19天以前发布,桃源居电梯大三房 朝南，精装修拎包入住
63.77平米,单价82484元/平米,幸福珺湾  碧海,精装,西南,9人关注,https://sz.lianjia.com/ershoufang/105103399754.html,2室2厅,近地铁 VR房源 房本满两年 随时看房,526,,幸福珺湾 2室2厅 526万
198.27平米,单价80699元/平米,新锦安雅园三期  翻身,简装,东南,3人关注,https://sz.lianjia.com/ershoufang/105102697139.html,5室2厅,近地铁 VR房源 房本满五年,1600,,五年唯一，中高楼层，视野开阔适合居家。
153.86平米,单价48746元/平米,桃源居十七区  桃源居,精装,南,8人关注,https://sz.lianjia.com/ershoufang/105102250868.html,4室2厅,VR房源 房本满两年,750,,花园社区，带私家车位，满二年，
90.3平米,单价68661元/平米,康达尔山海上城  西乡,,西南,21人关注,https://sz.lianjia.com/ershoufang/105101761966.html,4室2厅,VR房源 房本满五年,620,,新小区，卧室房间实用面积大，居家优选。
134.21平米,单价64079元/平米,幸福珺湾  碧海,,东南 西北,14人关注,https://sz.lianjia.com/ershoufang/105102384692.html,4室2厅,VR房源 房本满两年 随时看房,860,,幸福郡湾四房 户型南北 有钥匙随时看房
92.3平米,单价59589元/平米,海滨城广场  翻身,精装,东北,71人关注,https://sz.lianjia.com/ershoufang/105101375283.html,3室1厅,近地铁 VR房源 房本满两年,550,,地铁口物业，带大露台，可以养花种菜遛猫遛狗
63.69平米,单价68771元/平米,福中福花园二期  西乡,精装,西南,39人关注,https://sz.lianjia.com/ershoufang/105103514920.html,2室2厅,近地铁 VR房源 房本满两年,438,23天以前发布,福中福花园二期 2室2厅 438万
88.26平米,单价71381元/平米,玉湖湾  碧海,简装,南,208人关注,https://sz.lianjia.com/ershoufang/105101475951.html,3室2厅,近地铁 VR房源 房本满五年,630,,正南向标准三房两卫，每个房间近12平米
135.12平米,单价72973元/平米,广兴源圣拿威  碧海,精装,南,8人关注,https://sz.lianjia.com/ershoufang/105103589845.html,5室1厅,近地铁 VR房源 房本满两年,986,10天以前发布,法式园林，双地铁，近前海自贸区，精装5室值得一看
117.31平米,单价70753元/平米,碧海富通城三期  碧海,精装,东,7人关注,https://sz.lianjia.com/ershoufang/105103445997.html,4室1厅,近地铁 VR房源 房本满五年,830,,多扩展5个平方，南北桶透精装四房，安静采光通风好
227.06平米,单价88083元/平米,招商华侨城曦城六期  曦城,,东南,2人关注,https://sz.lianjia.com/ershoufang/105103061001.html,5室2厅,VR房源 房本满两年,2000,,曦城六期  叠加别墅 上叠端头 带花园天台 业主诚心卖
37.32平米,单价76367元/平米,白金酒店公寓  新安,精装,西南,46人关注,https://sz.lianjia.com/ershoufang/105102619526.html,2室1厅,近地铁 VR房源 房本满五年,285,,西南向 通风采光好 地铁口电梯社区 配套成熟
222.04平米,单价81067元/平米,御景水岸花园  福永,,东南,2人关注,https://sz.lianjia.com/ershoufang/105101919871.html,9室3厅,VR房源 房本满两年,1800,,御景水岸 别墅小区 依山傍水 环境优美
127.68平米,单价54825元/平米,东江豪苑  新安,简装,东,4人关注,https://sz.lianjia.com/ershoufang/105103430953.html,4室2厅,VR房源 房本满五年 随时看房,700,,红本在手  有钥匙  看房随时方便
89.24平米,单价48185元/平米,宏发君域  松岗,精装,东南,8人关注,https://sz.lianjia.com/ershoufang/105102669857.html,3室2厅,VR房源 房本满五年 随时看房,430,,此房满五唯一，采光好，南北对流，格局方正
113.02平米,单价51319元/平米,鸿荣源禧园  沙井,精装,南 北,22人关注,https://sz.lianjia.com/ershoufang/105102166713.html,4室2厅,近地铁 VR房源 房本满两年,580,,舒适安静 绿化好  配套成熟大四房
74.86平米,单价56105元/平米,桃源居五区  桃源居,,东,11人关注,https://sz.lianjia.com/ershoufang/105103597958.html,2室2厅,VR房源 房本满五年,420,8天以前发布,桃源居五区 2室2厅 420万
62.54平米,单价60762元/平米,财富港大厦  西乡,精装,西北,129人关注,https://sz.lianjia.com/ershoufang/105102865553.html,2室2厅,近地铁 VR房源 房本满两年 随时看房,380,,1号线坪洲地铁口一本两套房 年轻人最喜户型
105.22平米,单价53222元/平米,金汇名园  翻身,精装,南,4人关注,https://sz.lianjia.com/ershoufang/105103544485.html,3室2厅,近地铁 VR房源 房本满五年,560,18天以前发布,金汇名园 3室2厅 560万
78.68平米,单价56559元/平米,旭仕达名苑  新安,精装,西北,21人关注,https://sz.lianjia.com/ershoufang/105103488684.html,2室1厅,VR房源 房本满两年,445,28天以前发布,旭仕达名苑 2室1厅 445万
43.5平米,单价94253元/平米,碧海君庭  碧海,精装,南,7人关注,https://sz.lianjia.com/ershoufang/105103546448.html,1室1厅,VR房源 房本满两年 随时看房,410,18天以前发布,碧海湾旁温馨小家 爱她就给她一个家
102.44平米,单价37876元/平米,32区  新安,简装,西南,79人关注,https://sz.lianjia.com/ershoufang/105101107727.html,3室2厅,近地铁 VR房源 房本满两年,388,,宝安公园旁 宝安32区 地段繁华
224平米,单价43750元/平米,桃源居四区  桃源居,简装,南,8人关注,https://sz.lianjia.com/ershoufang/105101628700.html,5室2厅,VR房源 房本满两年 随时看房,980,,桃源居复式5房、使用面积大、配套完善
103.5平米,单价57972元/平米,海滨城广场  翻身,简装,东南,6人关注,https://sz.lianjia.com/ershoufang/105103577756.html,3室1厅,近地铁 VR房源 房本满五年,600,12天以前发布,壹方城 体育馆 近地铁 满五非唯一 户型方正  安静
122.58平米,单价43238元/平米,同和悦园  福永,,南,53人关注,https://sz.lianjia.com/ershoufang/105102020076.html,5室2厅,VR房源 房本满两年 随时看房,530,,户型方正，光线充足，朝风凰山，顶层复式结构5房
120.12平米,单价51199元/平米,弘雅花园雅豪轩三期  新安,精装,东南 西北,10人关注,https://sz.lianjia.com/ershoufang/105103531431.html,3室2厅,VR房源 房本满两年,615,20天以前发布,满两年税费少 户型方正 看房方便
126.93平米,单价70748元/平米,中粮澜山  西乡,精装,东南,56人关注,https://sz.lianjia.com/ershoufang/105101339855.html,4室2厅,VR房源 房本满五年,898,,安静四房，错层红木装修，看花园
80.88平米,单价49456元/平米,拾悦城  沙井,,东南,12人关注,https://sz.lianjia.com/ershoufang/105103605148.html,3室2厅,VR房源 房本满两年,400,7天以前发布,拾悦城，近地铁，刚需上车好房 总价400万买3房
223.3平米,单价88670元/平米,招商华侨城曦城六期  曦城,,东南,18人关注,https://sz.lianjia.com/ershoufang/105102417197.html,5室2厅,VR房源 房本满五年 随时看房,1980,,三面采光，地势高，车位充足，花园90平
118.65平米,单价58998元/平米,海云轩  翻身,精装,西南,84人关注,https://sz.lianjia.com/ershoufang/105101443297.html,3室1厅,近地铁 VR房源 房本满五年,700,,满五唯一1+5双地铁  壹方城商圈 欢乐海岸2.0plus
64.01平米,单价77332元/平米,幸福珺湾  碧海,精装,东北,16人关注,https://sz.lianjia.com/ershoufang/105103544705.html,2室2厅,近地铁 VR房源,495,18天以前发布,精装修 双地铁物业 新小区  配套成熟
89.46平米,单价64834元/平米,领翔华府  西乡,精装,南,14人关注,https://sz.lianjia.com/ershoufang/105103352215.html,3室2厅,VR房源 房本满五年,580,,领翔华府 3室2厅 580万
75.8平米,单价47230元/平米,天源大厦  新安,简装,西南,77人关注,https://sz.lianjia.com/ershoufang/105102136849.html,2室1厅,近地铁 VR房源 房本满两年,358,,天源大厦 2室1厅 358万
111.73平米,单价65874元/平米,碧海富通城三期  碧海,简装,南 北,19人关注,https://sz.lianjia.com/ershoufang/105103357633.html,3室2厅,近地铁 VR房源 房本满五年,736,,富通城三期南北通透标准带阁楼大三房
33.15平米,单价85973元/平米,广兴源圣拿威  碧海,精装,西北,41人关注,https://sz.lianjia.com/ershoufang/105103244514.html,1室1厅,近地铁 VR房源 房本满五年 随时看房,285,,广兴源圣拿威 1室1厅 285万
77.11平米,单价58359元/平米,兴业华庭  翻身,精装,东北,29人关注,https://sz.lianjia.com/ershoufang/105103512777.html,2室1厅,近地铁 VR房源 房本满两年,450,24天以前发布,体育馆48区纯住宅，公园旁精装大两房，业主诚心售
43.25平米,单价77457元/平米,白金时代  新安,精装,西北,158人关注,https://sz.lianjia.com/ershoufang/105102030293.html,2室1厅,近地铁 VR房源 房本满两年,335,,总价相对较低，采光比同户型要好很多，户型方正
36.04平米,单价74917元/平米,白金假日公寓  西乡,精装,东北,12人关注,https://sz.lianjia.com/ershoufang/105103589713.html,1室1厅,近地铁 VR房源 房本满两年,270,10天以前发布,精装小户型！高楼层！朝向好！！
117.57平米,单价65068元/平米,鸿景园  新安,精装,东北,33人关注,https://sz.lianjia.com/ershoufang/105103501743.html,3室2厅,VR房源 房本满五年,765,26天以前发布,小区唯一在售一套三房，户型方正，拎包入住
81.97平米,单价60998元/平米,富盈门  西乡,简装,南,18人关注,https://sz.lianjia.com/ershoufang/105103502898.html,2室2厅,VR房源 房本满五年 随时看房,500,25天以前发布,一手业主，深圳唯一一套房子.户型方正，采光足
106平米,单价46227元/平米,桃源居十四区  桃源居,简装,南,47人关注,https://sz.lianjia.com/ershoufang/105103370348.html,3室2厅,VR房源 房本满两年,490,,南北通格局 采光很好 视野宽阔 看泳池很安静 装修很好
88.62平米,单价42880元/平米,中海怡美山庄  横岗,简装,东南,30人关注,https://sz.lianjia.com/ershoufang/105103214044.html,4室2厅,VR房源 房本满五年 随时看房,380,,满五唯一红本在手税费少，近14号线，环境好带私家车位
106.61平米,单价30954元/平米,东方明珠城  龙岗中心城,简装,东南,12人关注,https://sz.lianjia.com/ershoufang/105103140174.html,4室2厅,近地铁 VR房源 房本满五年 随时看房,330,,地铁口，红本在手4房。看房子方便
69.39平米,单价38190元/平米,和通花园  布吉大芬,精装,南,21人关注,https://sz.lianjia.com/ershoufang/105103040388.html,3室1厅,近地铁 VR房源 房本满两年 随时看房,265,,精装三房 距大芬地铁站200米 红本在手
71平米,单价35071元/平米,万象天成  龙岗中心城,简装,东北,24人关注,https://sz.lianjia.com/ershoufang/105102956210.html,2室1厅,VR房源 房本满两年 随时看房,249,,地铁口物业，龙岗区政府旁 花园小区，电梯房
123.77平米,单价31511元/平米,宏兴苑  龙岗中心城,简装,南,8人关注,https://sz.lianjia.com/ershoufang/105102716092.html,4室2厅,VR房源 房本满五年 随时看房,390,,一梯两户、座北朝南  满5红本
123.75平米,单价34586元/平米,锦冠华城  横岗,精装,南,2人关注,https://sz.lianjia.com/ershoufang/105102475793.html,3室1厅,VR房源 房本满五年 随时看房,428,,"点：
满五 唯一，红本在手， 有入户花园 保养好。"
107平米,单价34580元/平米,华浩源B区  布吉石芽岭,简装,西北,17人关注,https://sz.lianjia.com/ershoufang/105102115907.html,3室2厅,VR房源 房本满五年 随时看房,370,,华浩源大3房 一手业主 满五红本在手
67.47平米,单价33349元/平米,万科时代广场  龙岗中心城,精装,东南,250人关注,https://sz.lianjia.com/ershoufang/105102036907.html,2室1厅,近地铁 VR房源 房本满两年 随时看房,225,,万科精装两房  业主诚心出售低于购买价出售 看房方便
105.67平米,单价52049元/平米,中海月朗苑  坂田,简装,北,13人关注,https://sz.lianjia.com/ershoufang/105102635992.html,3室2厅,VR房源 房本满五年,550,,月朗苑大三房  看花园朝泳池  安静舒适
192.57平米,单价36351元/平米,振业城上观  横岗,,南,2人关注,https://sz.lianjia.com/ershoufang/105102319415.html,4室2厅,近地铁 VR房源 房本满两年,700,,国企上市物业 地铁口 居家舒适 值得拥有
110.15平米,单价34499元/平米,华浩源B区  布吉石芽岭,精装,南,42人关注,https://sz.lianjia.com/ershoufang/105102117439.html,3室2厅,VR房源 房本满五年,380,,50万新装修 要的就是品质 住的就是舒服！！！
175.07平米,单价34273元/平米,深圳海航城  龙岗双龙,简装,南,4人关注,https://sz.lianjia.com/ershoufang/105101865296.html,8室2厅,近地铁 VR房源 房本满两年,600,,深圳海航城 五房改八房 简装满二 朝南看花园
183.44平米,单价31509元/平米,愉园新苑  龙岗中心城,简装,东,3人关注,https://sz.lianjia.com/ershoufang/105101608323.html,5室2厅,VR房源 房本满两年,578,,龙岗愉园新苑   大户型电梯5房  商圈成熟  配套齐全
99.61平米,单价44173元/平米,桂芳园八期  布吉大芬,精装,东北,22人关注,https://sz.lianjia.com/ershoufang/105101420451.html,3室1厅,近地铁 VR房源 房本满五年,440,,户型方正，客厅出阳台，采光好，视野好
88.99平米,单价39893元/平米,中海康城国际一期  大运新城,精装,西南,102人关注,https://sz.lianjia.com/ershoufang/105101187451.html,3室2厅,VR房源 房本满五年,355,,此房满五唯一，楼层好，厅出阳台，户型方正实用
127.61平米,单价27428元/平米,天誉国际公馆  龙岗中心城,精装,东南,4人关注,https://sz.lianjia.com/ershoufang/105101807114.html,3室1厅,近地铁 VR房源 房本满五年,350,,大三房两厅、适宜居住，出行方便
73.05平米,单价47228元/平米,桂芳园七期  布吉大芬,精装,东北,8人关注,https://sz.lianjia.com/ershoufang/105103584072.html,2室1厅,近地铁 VR房源 房本满五年,345,11天以前发布,此房满五年唯一物业楼层高视野好   装修保养可以
67.16平米,单价50328元/平米,信义假日名城五期A逸翠园  布吉关,精装,西北,0人关注,https://sz.lianjia.com/ershoufang/105103559265.html,2室2厅,VR房源 房本满五年,338,15天以前发布,此房满五唯一，业主自住保养较好，诚心出售。
123.93平米,单价19770元/平米,新城花园龙岗  龙岗双龙,,西北,27人关注,https://sz.lianjia.com/ershoufang/105102859695.html,3室2厅,VR房源 房本满五年 随时看房,245,,业主诚心出售，毛坯房大三房价格可谈，看房方便，
96.57平米,单价36244元/平米,龙福一村  龙岗中心城,简装,东,3人关注,https://sz.lianjia.com/ershoufang/105102554471.html,3室2厅,VR房源 房本满五年 随时看房,350,,满五唯一 视野关阔 无遮挡 采光好 通风好
201.22平米,单价45722元/平米,中海康城花园二期  大运新城,,西南,5人关注,https://sz.lianjia.com/ershoufang/105102298984.html,5室1厅,VR房源 房本满五年 随时看房,920,,大运新城 顶层复式 安静视野好
87.93平米,单价43217元/平米,远洋新干线二期  龙岗中心城,,东北,2人关注,https://sz.lianjia.com/ershoufang/105102059822.html,3室2厅,近地铁 VR房源 房本满两年 随时看房,380,,远洋新干线二期，地铁口物业，今天9月份满二年。
105.5平米,单价31280元/平米,中骏四季阳光二期  坪地,,东南,10人关注,https://sz.lianjia.com/ershoufang/105101523912.html,3室2厅,VR房源 房本满五年 随时看房,330,,中骏四季阳光二期 通透户型 标准大三房 高楼层
53.81平米,单价31593元/平米,保利上城  龙岗中心城,精装,西北,21人关注,https://sz.lianjia.com/ershoufang/105100922607.html,1室1厅,近地铁 VR房源 房本满五年 随时看房,170,,保利上城一房一厅 ，采光好中搞层
68.68平米,单价61154元/平米,水晶之城  横岗,精装,南,38人关注,https://sz.lianjia.com/ershoufang/105101343115.html,7室2厅,近地铁 VR房源 房本满五年,420,,水晶之城 三层复式 住家装修 满五唯一
133.1平米,单价50188元/平米,天健现代城  龙岗中心城,,南 北,2人关注,https://sz.lianjia.com/ershoufang/105103556453.html,4室1厅,VR房源 房本满五年,668,16天以前发布,天健现代城，南北通透大四房，户型方正，格局实用
83.75平米,单价39403元/平米,南景豪庭  布吉大芬,精装,南,6人关注,https://sz.lianjia.com/ershoufang/105103547701.html,3室1厅,近地铁 VR房源 房本满两年,330,18天以前发布,南景豪庭户型南北通双阳台精装修
77平米,单价44156元/平米,华侨城四海锦园  平湖,精装,东南,3人关注,https://sz.lianjia.com/ershoufang/105103533885.html,3室2厅,VR房源 房本满两年,340,20天以前发布,水门逸欣园精装3房 户型方正 实用率高 诚心出售
105.42平米,单价50276元/平米,万科四季花城七期  坂田,,东 西,1人关注,https://sz.lianjia.com/ershoufang/105103520174.html,3室1厅,近地铁 VR房源 房本满五年,530,22天以前发布,万科四季花城七期 3室1厅 530万
81.56平米,单价44753元/平米,平吉上苑  平湖,精装,南,2人关注,https://sz.lianjia.com/ershoufang/105103509703.html,3室2厅,VR房源 房本满两年,365,24天以前发布,平吉上苑 地铁口楼盘 6站地铁到深圳华为总部  朝南
70.63平米,单价45307元/平米,深圳海航城  龙岗双龙,精装,东 东南,2人关注,https://sz.lianjia.com/ershoufang/105103500244.html,3室1厅,近地铁 VR房源 房本满两年,320,26天以前发布,经典两房，户型方正，居家适宜。
85.79平米,单价61779元/平米,星河时代  大运新城,精装,西南,14人关注,https://sz.lianjia.com/ershoufang/105103485258.html,3室2厅,近地铁 VR房源 房本满两年,530,28天以前发布,墅质小区，南向通透户，中高楼层、厅出阳台视野开阔
90.85平米,单价29169元/平米,龙富花园(龙富路)  龙岗中心城,精装,南,4人关注,https://sz.lianjia.com/ershoufang/105103462579.html,4室1厅,近地铁 VR房源 房本满五年,265,,南联地铁口龙富花园四房 满五唯一红本在手 诚意出售
100.48平米,单价38396元/平米,阳光花园  布吉街,精装,南,90人关注,https://sz.lianjia.com/ershoufang/105102177256.html,3室2厅,近地铁 VR房源 房本满五年 随时看房,385.8,,中层好视野 南向大3房 满五年唯一  税少 业主急售
132.39平米,单价40034元/平米,英郡年华  丹竹头,简装,南,2人关注,https://sz.lianjia.com/ershoufang/105101507313.html,4室1厅,近地铁 VR房源 房本满两年 随时看房,530,,地铁口物业 客厅带7米阳台 大4 房 前后观景  安静不吵
91.01平米,单价52742元/平米,理想家园  布吉关,精装,东北,5人关注,https://sz.lianjia.com/ershoufang/105102560787.html,3室1厅,VR房源 房本满五年,480,,电梯高楼层三房安静宜居人车分流华润万象汇
172.6平米,单价39398元/平米,卓弘高尔夫雅苑  龙岗宝荷,精装,南 北,67人关注,https://sz.lianjia.com/ershoufang/105100828967.html,6室2厅,VR房源 房本满两年,680,,卓弘高尔夫雅苑 6房3卫 南北通透 双阳台 中间楼层
86.7平米,单价36909元/平米,中骏四季阳光二期  坪地,,西南 东南 东北 西北,0人关注,https://sz.lianjia.com/ershoufang/105103628657.html,3室2厅,VR房源 房本满两年,320,2天以前发布,新装修，高楼层，满两年，九年制，欠款60万
76.38平米,单价52108元/平米,万科第五园一期  坂田,精装,南,6人关注,https://sz.lianjia.com/ershoufang/105103543274.html,2室2厅,VR房源 房本满五年 随时看房,398,18天以前发布,正规两房      业主诚心出售
72.81平米,单价41204元/平米,碧湖花园  龙岗中心城,精装,南,3人关注,https://sz.lianjia.com/ershoufang/105103483717.html,2室2厅,VR房源 房本满五年 随时看房,300,29天以前发布,此房满五年，高楼层楼层，户型方正，朝南采光充足...
150.96平米,单价43058元/平米,金地龙城中央一期  龙岗中心城,,东南,3人关注,https://sz.lianjia.com/ershoufang/105102051021.html,5室2厅,近地铁 VR房源 房本满五年 随时看房,650,,金地龙城一期 大五房 户型方正
122.18平米,单价55656元/平米,来座山  布吉石芽岭,简装,西南,24人关注,https://sz.lianjia.com/ershoufang/105101300359.html,4室2厅,VR房源 房本满两年 随时看房,680,,石芽岭生态公园 慢城四期来座山 业主诚心卖
149.41平米,单价60907元/平米,奥林华府  大运新城,精装,南,4人关注,https://sz.lianjia.com/ershoufang/105102119419.html,4室2厅,VR房源 房本满五年 随时看房,910,,只有一本证，大4房 满五唯一红本在手 税费少
88.54平米,单价33658元/平米,阳基新天地  丹竹头,精装,南,102人关注,https://sz.lianjia.com/ershoufang/105102175083.html,3室1厅,VR房源 房本满五年,298,,丹竹头新小区精装3房 朝东南 无遮挡 满五唯一 税费少
72.15平米,单价42967元/平米,中海康城国际一期  大运新城,精装,北,61人关注,https://sz.lianjia.com/ershoufang/105101928234.html,3室1厅,VR房源 房本满五年,310,,大运新城 满五唯一 实用三房 可拎包入住
129.62平米,单价33560元/平米,中海怡美山庄  横岗,简装,南 北,32人关注,https://sz.lianjia.com/ershoufang/105101599229.html,4室2厅,VR房源 房本满五年,435,,中海怡美山庄  正规四房 带电梯 户型方正
112.48平米,单价45786元/平米,信义御城豪园  横岗,精装,东南 西北,3人关注,https://sz.lianjia.com/ershoufang/105101459806.html,4室2厅,近地铁 VR房源 房本满五年,515,,横岗信义御城满五唯一四房 保养好 南北通户型
83.9平米,单价35161元/平米,丽湖花园二期  布吉水径,精装,东南,15人关注,https://sz.lianjia.com/ershoufang/105101176047.html,3室1厅,VR房源 房本满两年,295,,丽湖花园方正大三房，安静看花园 朝东南采光好 宜居家
70.91平米,单价55705元/平米,信义假日名城五期A逸翠园  布吉关,精装,南,126人关注,https://sz.lianjia.com/ershoufang/105100940305.html,3室2厅,VR房源 房本满五年,395,,信义假日名城五期带花园三房 朝南向
76.62平米,单价43723元/平米,中海康城花园二期  大运新城,精装,西南,7人关注,https://sz.lianjia.com/ershoufang/105103587032.html,2室1厅,VR房源 房本满五年,335,10天以前发布,中海康城花园二期 2室1厅 335万
122.22平米,单价39274元/平米,龙城华府  龙岗中心城,精装,西,3人关注,https://sz.lianjia.com/ershoufang/105102783141.html,4室2厅,近地铁 VR房源 房本满两年 随时看房,480,,龙城华府，清爽装修4房，爱联地铁口
73.19平米,单价36891元/平米,百合星城一期  布吉关,精装,东,44人关注,https://sz.lianjia.com/ershoufang/105102068403.html,2室1厅,近地铁 VR房源 房本满两年 随时看房,270,,保养好 空置 诚心出售 交通便利 关口 3 5号双地铁口
53.68平米,单价27944元/平米,保利上城  龙岗中心城,精装,东南,83人关注,https://sz.lianjia.com/ershoufang/105101525533.html,1室1厅,近地铁 VR房源 房本满五年 随时看房,150,,保利上城正规1房1厅，厅出阳台东南朝向，业主诚心买
102.14平米,单价37204元/平米,华浩源B区  布吉石芽岭,简装,北,3人关注,https://sz.lianjia.com/ershoufang/105102526937.html,3室2厅,VR房源 房本满两年 随时看房,380,,此房满五自己赎楼，业主居家精装，诚心出售！
24.57平米,单价33375元/平米,阳光广场  龙岗中心城,简装,南,0人关注,https://sz.lianjia.com/ershoufang/105103617808.html,1室0厅,VR房源 房本满两年,82,4天以前发布,阳光广场 1室0厅 82万
88.12平米,单价51975元/平米,保利上城  龙岗中心城,,东南,3人关注,https://sz.lianjia.com/ershoufang/105103595304.html,3室2厅,近地铁 VR房源 房本满五年,458,9天以前发布,保利上城 3室2厅 458万
89.19平米,单价36440元/平米,振业天峦  龙岗宝荷,精装,南,3人关注,https://sz.lianjia.com/ershoufang/105103582369.html,3室2厅,VR房源 房本满五年,325,11天以前发布,宝龙科技城 精装3房1卫 满五唯一 欠款少 诚心出售！
77.78平米,单价46028元/平米,桂芳园五期  布吉大芬,,南 北,2人关注,https://sz.lianjia.com/ershoufang/105103568693.html,3室2厅,近地铁 VR房源 房本满五年,358,14天以前发布,桂芳园五期 3室2厅 358万
85.53平米,单价33907元/平米,中骏四季阳光二期  坪地,,南,12人关注,https://sz.lianjia.com/ershoufang/105102431471.html,3室1厅,VR房源 房本满两年 随时看房,290,,花园中间，位置安静，满二年，看房子方便
150.96平米,单价43058元/平米,金地龙城中央一期  龙岗中心城,,东南,14人关注,https://sz.lianjia.com/ershoufang/105101504057.html,5室1厅,近地铁 VR房源 房本满两年 随时看房,650,,地铁口 大五房 东南朝向  三馆一城配套  万科商圈
76.77平米,单价52104元/平米,佳兆业可园一期  布吉关,精装,东北,1人关注,https://sz.lianjia.com/ershoufang/105103570173.html,2室1厅,近地铁 VR房源 房本满五年 随时看房,400,13天以前发布,可园一期 精装 两房 两卫 看园景  住家舒适
212.38平米,单价49440元/平米,茵悦之生花园三期  布吉水径,精装,东南,1人关注,https://sz.lianjia.com/ershoufang/105103552314.html,6室4厅,VR房源 房本满五年,1050,17天以前发布,茵悦之生三期 东南向  双拼6室2厅  可分开出售  2本证
133.25平米,单价49531元/平米,万科城三期  坂田,精装,西北,43人关注,https://sz.lianjia.com/ershoufang/105101481564.html,5室2厅,VR房源 房本满五年,660,,万科城三期精装五，带6米挑高入户花园 ，业主诚心出售
85.39平米,单价46844元/平米,中海康城花园二期  大运新城,精装,北,0人关注,https://sz.lianjia.com/ershoufang/105103498789.html,3室2厅,VR房源 房本满五年 随时看房,400,26天以前发布,保养好可拎包入住，安静，带平台
86.26平米,单价46372元/平米,百合山庄  布吉关,精装,南,30人关注,https://sz.lianjia.com/ershoufang/105102301967.html,3室2厅,VR房源 房本满两年,400,,板式南北通户型，精装复式房，朝南看花园
143.11平米,单价66383元/平米,阳光天健城  大运新城,简装,南 北,16人关注,https://sz.lianjia.com/ershoufang/105102103311.html,4室2厅,VR房源 房本满两年 随时看房,950,,大运旁，阳光天健城，单本证，大四房，业主诚售
153.69平米,单价32534元/平米,华业玫瑰郡  龙岗中心城,,南 北,17人关注,https://sz.lianjia.com/ershoufang/105101522341.html,4室2厅,VR房源 房本满五年 随时看房,500,,龙岗区 华业玫瑰郡 南北通透双阳台 改善型住房
82.75平米,单价55590元/平米,英郡年华  丹竹头,精装,南,55人关注,https://sz.lianjia.com/ershoufang/105101267425.html,4室2厅,近地铁 VR房源 房本满五年 随时看房,460,,房子五年红本 地铁口 朝南四房 无增值税
131.91平米,单价31461元/平米,鸿威de森林就瞰山  龙岗中心城,,南 北,11人关注,https://sz.lianjia.com/ershoufang/105100805710.html,4室2厅,VR房源 房本满五年 随时看房,415,,"鸿威de森林•就瞰山,大四房,视野开阔通透性强"
89.38平米,单价50347元/平米,锦荟PARK  横岗,精装,南,2人关注,https://sz.lianjia.com/ershoufang/105103612130.html,3室1厅,近地铁 VR房源 房本满两年,450,5天以前发布,此房满两年，费用少，朝南看梧桐山，近地铁口
135.97平米,单价60308元/平米,万科城三期  坂田,精装,南,41人关注,https://sz.lianjia.com/ershoufang/105101392515.html,4室2厅,VR房源 房本满五年 随时看房,820,,万科城三期宽景楼梯房 朝南采光通风好 满五年唯一
115.41平米,单价50256元/平米,万科四季花城六期  坂田,简装,东南,23人关注,https://sz.lianjia.com/ershoufang/105103011267.html,4室2厅,近地铁 VR房源 房本满五年 随时看房,580,,花城六期，白金楼层 满五唯一红本在手 户型通透
172.14平米,单价68549元/平米,万科翰邻城  龙岗中心城,,南,20人关注,https://sz.lianjia.com/ershoufang/105101347585.html,5室2厅,VR房源 房本满五年 随时看房,1180,,万科翰邻城 单本证大平层 南向高楼层
87.28平米,单价32998元/平米,宏兴苑  龙岗中心城,,东南,8人关注,https://sz.lianjia.com/ershoufang/105103465779.html,3室1厅,VR房源 房本满五年,288,31天以前发布,标准三房 此房满五 业主诚心出售
47.62平米,单价33600元/平米,风临国际东座  龙岗中心城,简装,东南,3人关注,https://sz.lianjia.com/ershoufang/105101465169.html,1室0厅,近地铁 VR房源 房本满两年,160,,风临国际 70年产权 业主诚心出售 看房方便 视野开阔
132.36平米,单价26066元/平米,九州家园  龙岗双龙,精装,东南,5人关注,https://sz.lianjia.com/ershoufang/105101349419.html,4室1厅,近地铁 VR房源 房本满五年,345,,满五唯一，精装大4房业主诚心出售
85.94平米,单价31418元/平米,泰阳金桔苑  布吉南岭,精装,南,16人关注,https://sz.lianjia.com/ershoufang/105101430393.html,3室2厅,VR房源 房本满五年,270,,公园脚下85.94平的大三房朝南向，满五年！
65.55平米,单价38902元/平米,振业峦山谷  龙岗宝荷,精装,南,2人关注,https://sz.lianjia.com/ershoufang/105103590819.html,2室2厅,VR房源 房本满五年,255,9天以前发布,振业峦山谷 2室2厅 255万
102.92平米,单价34493元/平米,德福花园  布吉街,简装,北,40人关注,https://sz.lianjia.com/ershoufang/105101213496.html,3室2厅,VR房源 房本满五年,355,,德福花园精装电梯三房，厅出阳台，红本在手，税费少
127.82平米,单价41465元/平米,金地龙城中央一期  龙岗中心城,精装,东南,3人关注,https://sz.lianjia.com/ershoufang/105103585866.html,4室2厅,近地铁 VR房源 房本满两年 随时看房,530,11天以前发布,金地龙城中央一期 4室2厅 530万
83.66平米,单价29883元/平米,布吉中心广场  布吉街,精装,西,288人关注,https://sz.lianjia.com/ershoufang/105101284592.html,2室1厅,近地铁 VR房源 房本满两年,250,,朝东南，厅出阳台，正对深圳东站
78.62平米,单价46426元/平米,风临域  龙岗中心城,精装,东南,29人关注,https://sz.lianjia.com/ershoufang/105101251662.html,3室2厅,近地铁 VR房源 房本满五年 随时看房,365,,风临域 满五年 东南朝向 看花园  有钥匙可看房
102.13平米,单价34760元/平米,德兴花园  布吉街,精装,南,16人关注,https://sz.lianjia.com/ershoufang/105103425685.html,3室1厅,VR房源 房本满两年,355,,此房是A区 入门位置.中间楼层.精装修。朝南
88.51平米,单价45193元/平米,THETOWN乐城  大运新城,简装,西南,14人关注,https://sz.lianjia.com/ershoufang/105103209589.html,3室2厅,近地铁 VR房源 房本满五年 随时看房,400,,地铁口次新小区 红本在手 厨房带储物间 使用率大
68.55平米,单价51788元/平米,佳兆业新都汇  布吉南岭,精装,西南,11人关注,https://sz.lianjia.com/ershoufang/105103263022.html,2室1厅,近地铁 VR房源 房本满两年,355,,佳兆业新都汇朝南向精装修两房，视野采光好
70.34平米,单价49759元/平米,信义假日名城博雅园  布吉关,精装,南,29人关注,https://sz.lianjia.com/ershoufang/105102699658.html,2室2厅,近地铁 VR房源 房本满两年,350,,此房已满三年  朝花园高楼层通风采光好视野开阔
44.97平米,单价27797元/平米,德兴城花园  布吉街,简装,东北,82人关注,https://sz.lianjia.com/ershoufang/105103355012.html,1室1厅,近地铁 VR房源 房本满两年 随时看房,125,,地铁口德兴城45平一房一厅急售2.8万一平方
113.84平米,单价51213元/平米,信义荔山公馆  布吉关,精装,南,9人关注,https://sz.lianjia.com/ershoufang/105103321394.html,3室2厅,近地铁 VR房源 房本满五年,583,,此房满五唯一  红本在手  楼层适中  采光好
89平米,单价37978元/平米,中城康桥花园二期  丹竹头,精装,东南,79人关注,https://sz.lianjia.com/ershoufang/105103057530.html,3室1厅,近地铁 VR房源 房本满五年,338,,此房满五年，户型实用方正，装修保养得好
73.47平米,单价34709元/平米,承翰陶源  龙岗中心城,精装,南,24人关注,https://sz.lianjia.com/ershoufang/105103265441.html,2室1厅,VR房源 房本满两年 随时看房,255,,小区是次新小区 物业管理规范 满两年 采光通风效果佳
69.97平米,单价33300元/平米,粤宝花园  布吉街,精装,南,30人关注,https://sz.lianjia.com/ershoufang/105102654070.html,3室1厅,VR房源 房本满五年,233,,粤宝花园 精装朝南小三房  满五唯一 保养好
73.89平米,单价39925元/平米,碧湖花园  龙岗中心城,简装,南,18人关注,https://sz.lianjia.com/ershoufang/105103536507.html,2室1厅,VR房源 房本满五年,295,19天以前发布,格局方正，标准两房，诚心卖，厅出阳台朝南，满五唯一
85.72平米,单价69996元/平米,熙和园  龙岗中心城,精装,东南,14人关注,https://sz.lianjia.com/ershoufang/105103212647.html,4室2厅,VR房源 房本满五年,600,,复式  精装修   满五年   东南向   4房
88.1平米,单价46539元/平米,万科天誉二期  龙岗中心城,,东南,9人关注,https://sz.lianjia.com/ershoufang/105103424734.html,3室2厅,近地铁 VR房源 房本满五年 随时看房,410,,万科天誉二期 经典三房 户型方正实用 舒适
87.88平米,单价72258元/平米,绿景大公馆  大运新城,简装,东南 西南,16人关注,https://sz.lianjia.com/ershoufang/105102762439.html,3室2厅,VR房源 房本满五年 随时看房,635,,绿景大公馆 东南向高层三房两卫 学有效
89.24平米,单价67235元/平米,万科翰邻城  龙岗中心城,精装,南 北,21人关注,https://sz.lianjia.com/ershoufang/105103511253.html,4室1厅,VR房源 房本满两年,600,24天以前发布,中间楼层业主诚心卖装修保养好 看房方便
89.24平米,单价56926元/平米,万科金色沁园  龙岗中心城,,东南,48人关注,https://sz.lianjia.com/ershoufang/105102824128.html,5室2厅,VR房源 房本满五年 随时看房,508,,万科金色沁园 毛坯大五房复式  红本在手  实用率高
88.76平米,单价39433元/平米,金地龙城中央二期  龙岗中心城,,南,9人关注,https://sz.lianjia.com/ershoufang/105103506493.html,3室2厅,VR房源 房本满两年 随时看房,350,25天以前发布,地铁口金地新小区三房两卫朝南户型看小区花园税费少
43.22平米,单价55068元/平米,麟恒中心广场一期  横岗,精装,西南,38人关注,https://sz.lianjia.com/ershoufang/105103200537.html,2室1厅,近地铁 VR房源 房本满两年,238,,稀有两房 户型方正 看小区花园 带精装业主自住 红本
107.17平米,单价50854元/平米,春华四季园一期  民治,简装,南,40人关注,https://sz.lianjia.com/ershoufang/105100048007.html,3室2厅,房本满五年,545,,春华四季园 三房两厅 一层带花园 精装修
44.68平米,单价91764元/平米,华业玫瑰四季馨园二期  红山,,东北,2人关注,https://sz.lianjia.com/ershoufang/105103518710.html,1室1厅,近地铁 房本满两年,410,23天以前发布,红山地铁口 精装一房一厅 高层视野无遮挡
92.75平米,单价43666元/平米,华美丽苑  龙华新区,简装,南,56人关注,https://sz.lianjia.com/ershoufang/105101084311.html,4室2厅,房本满两年,405,,"华美丽苑, 后面一排, 安静不吵"
89平米,单价112360元/平米,幸福城三期  龙华中心,精装,东南,0人关注,https://sz.lianjia.com/ershoufang/105103569039.html,6室2厅,近地铁 房本满五年,1000,14天以前发布,龙华幸福城三期   精装三层复式   精装  精装   精装
93平米,单价54624元/平米,世纪春城三期  民治,,东,3人关注,https://sz.lianjia.com/ershoufang/105103620114.html,3室1厅,房本满两年,508,4天以前发布,春城三期精装大三房 南北通 中层 安静 电梯房急售
180.78平米,单价69145元/平米,城建仁山智水花园二期  观澜,,西南,6人关注,https://sz.lianjia.com/ershoufang/105103132265.html,4室2厅,房本满五年,1250,,滨水叠加别墅 得房率高 带车位
89.91平米,单价35592元/平米,赛龙豪轩  龙华中心,简装,南,15人关注,https://sz.lianjia.com/ershoufang/105101597282.html,3室2厅,近地铁 房本满五年,320,,赛龙豪轩精装3房  少税  看房方便
74.17平米,单价56627元/平米,锦绣江南二期  龙华新区,精装,南,23人关注,https://sz.lianjia.com/ershoufang/105102285562.html,3室2厅,房本满五年,420,,看房预约就可以  风格好看  格局好
273平米,单价84250元/平米,星河丹堤  梅林关,精装,南,19人关注,https://sz.lianjia.com/ershoufang/105101470231.html,5室2厅,房本满五年,2300,,山水物业星河丹堤大复式，使用面积大，位置安静
72.82平米,单价35705元/平米,万科九龙山  观澜,简装,南,3人关注,https://sz.lianjia.com/ershoufang/105103281790.html,1室0厅,房本满两年 随时看房,260,,九龙山旺铺 好位置出售 人流量大
88.42平米,单价67858元/平米,特发和平里  上塘,精装,东南 西北,72人关注,https://sz.lianjia.com/ershoufang/105101791366.html,4室2厅,近地铁 房本满两年,600,,经典4房，南北通透，业主诚心卖
235.9平米,单价46630元/平米,锦绣江南二期  龙华新区,精装,南,33人关注,https://sz.lianjia.com/ershoufang/105100998898.html,8室3厅,房本满五年,1100,,锦绣江南顶楼大复式 电梯房 空中别墅小区景观尽收眼底
131.93平米,单价82620元/平米,华业玫瑰四季馨园一期  红山,精装,东南,1人关注,https://sz.lianjia.com/ershoufang/105103322049.html,5室1厅,近地铁 VR房源 房本满两年,1090,,华业玫瑰四季馨园一期 5室1厅 1090万
112.93平米,单价44276元/平米,日出印象二期  红山,精装,东南,39人关注,https://sz.lianjia.com/ershoufang/105101449013.html,3室2厅,VR房源,500,,红本在手 电梯房 业主诚心卖 方便看房
81.51平米,单价87106元/平米,龙光玖龙玺北区  梅林关,精装,西南,22人关注,https://sz.lianjia.com/ershoufang/105101963253.html,3室2厅,近地铁 VR房源,710,,地铁口，精装三房，户型方正，配套齐全。
66.35平米,单价83648元/平米,莱蒙水榭春天三期  红山,简装,南 东,9人关注,https://sz.lianjia.com/ershoufang/105103472334.html,2室1厅,近地铁 VR房源,555,30天以前发布,高层客厅正出阳台，电梯直通沃尔玛，欠款少
36.83平米,单价65165元/平米,潜龙鑫茂花园B区  民治,精装,南,22人关注,https://sz.lianjia.com/ershoufang/105103340873.html,1室1厅,近地铁 VR房源 房本满两年,240,,精装一房改两房，大阳台....
133.25平米,单价106567元/平米,金亨利首府  红山,精装,东南,11人关注,https://sz.lianjia.com/ershoufang/105103245071.html,4室1厅,VR房源 房本满五年,1420,,深高北，精装修，四房三阳台，高楼层，安静位置
94.47平米,单价56632元/平米,碧水龙庭  民治,精装,南,22人关注,https://sz.lianjia.com/ershoufang/105103052637.html,3室2厅,近地铁 VR房源 房本满五年,535,,满五年唯一  业主自住  装修保养好   视野采光好
246.71平米,单价100523元/平米,圣莫丽斯花园B区  梅林关,,南,3人关注,https://sz.lianjia.com/ershoufang/105102322108.html,6室2厅,VR房源 房本满五年,2480,,山体园林景观，内置私家登山道、私家内湖的梅林关高品
102.05平米,单价45860元/平米,劲力城市明珠  龙华中心,简装,东南,6人关注,https://sz.lianjia.com/ershoufang/105102772224.html,4室2厅,VR房源 房本满五年,468,,劲力城市明珠 4室2厅 468万
154.19平米,单价50587元/平米,锦绣御园  龙华中心,精装,南,10人关注,https://sz.lianjia.com/ershoufang/105101673660.html,5室2厅,近地铁 VR房源 房本满五年,780,,《锦绣御园》精装双拼5房客厅出阳台红本在手无赎楼费
68.12平米,单价58280元/平米,保利悦都  龙华中心,精装,西南,9人关注,https://sz.lianjia.com/ershoufang/105103467337.html,2室1厅,近地铁 VR房源 房本满两年,397,31天以前发布,保利悦都步行街街 高楼层精装修大二房
78平米,单价73077元/平米,星河盛世  梅林关,精装,东南,22人关注,https://sz.lianjia.com/ershoufang/105103371294.html,2室1厅,近地铁 VR房源 房本满五年,570,,星河盛世 精装两房 业主自住 满五 税费少
80.81平米,单价90336元/平米,观湖园  观澜,,南,0人关注,https://sz.lianjia.com/ershoufang/105103233219.html,1室1厅,VR房源 房本满两年,730,,观湖园 1室1厅 730万
59.21平米,单价50668元/平米,滢水山庄二区  梅林关,,南,21人关注,https://sz.lianjia.com/ershoufang/105103133194.html,2室2厅,VR房源 房本满五年,300,,滢水山庄二区 2室2厅 300万
47平米,单价75532元/平米,星河盛世  梅林关,精装,东南,14人关注,https://sz.lianjia.com/ershoufang/105102928790.html,1室1厅,近地铁 VR房源 房本满五年,355,,满五唯一   少量税费  珍贵户型
45.15平米,单价66446元/平米,星河盛世  梅林关,精装,西北,19人关注,https://sz.lianjia.com/ershoufang/105102383501.html,1室0厅,近地铁 VR房源 房本满两年,300,,星河盛世小住宅  安静看花园  高层采光好  诚心出售
107.23平米,单价43832元/平米,优品建筑  龙华中心,精装,东南,31人关注,https://sz.lianjia.com/ershoufang/105101425706.html,3室2厅,近地铁 VR房源 房本满五年,470,,龙华区优品建筑精装三房两厅，满 二年，业主急卖!
58.21平米,单价53943元/平米,潜龙花园  民治,简装,东,41人关注,https://sz.lianjia.com/ershoufang/105102658969.html,2室1厅,近地铁 VR房源 房本满五年,314,,红本在手，户型方正实用，业主诚心出售，适合年轻人
110.65平米,单价41573元/平米,乐景花园  龙华中心,精装,东,2人关注,https://sz.lianjia.com/ershoufang/105101933590.html,3室2厅,近地铁 VR房源 房本满两年,460,,龙华地铁边大户型业主诚意出售看好就卖价格可谈哦
50.41平米,单价45626元/平米,星河传奇·铂寓S  红山,精装,东北,68人关注,https://sz.lianjia.com/ershoufang/105101403381.html,1室1厅,近地铁 VR房源 房本满两年,230,,红山 双地铁 精装 星河高品质公寓 便宜出售
66.68平米,单价55489元/平米,世纪春城一期  民治,简装,北,61人关注,https://sz.lianjia.com/ershoufang/105102857075.html,2室2厅,VR房源 房本满五年,370,,位置安静，户型方正两房，中间楼层，47平大花园。
89.76平米,单价70188元/平米,幸福城三期  龙华中心,精装,南,10人关注,https://sz.lianjia.com/ershoufang/105100634541.html,3室1厅,近地铁 VR房源 房本满五年,630,,幸福城三期满二年 税费少 中楼层 无遮挡
164.37平米,单价69965元/平米,莱蒙水榭春天二期  红山,,北,8人关注,https://sz.lianjia.com/ershoufang/105103224676.html,5室1厅,近地铁 VR房源 房本满五年 随时看房,1150,,莱蒙水榭春天二期 5室1厅 1150万
70.67平米,单价50375元/平米,可乐园  龙华中心,精装,南,32人关注,https://sz.lianjia.com/ershoufang/105101251415.html,3室1厅,VR房源 房本满五年,356,,可乐园 精装复式  业主自己住保养好
33平米,单价25758元/平米,华盛峰荟名庭  观澜,精装,南,4人关注,https://sz.lianjia.com/ershoufang/105101689016.html,1室0厅,VR房源 房本满两年,85,,华盛峰荟名庭 1室0厅 85万
104.64平米,单价70719元/平米,金地上塘道二期  红山,精装,东南,2人关注,https://sz.lianjia.com/ershoufang/105103465175.html,4室2厅,VR房源 房本满两年,740,,金地上塘道二期 4室2厅 740万
86.66平米,单价69237元/平米,特发和平里二期  上塘,精装,南,2人关注,https://sz.lianjia.com/ershoufang/105103421099.html,3室2厅,近地铁 VR房源 房本满两年,600,,和平里二期安静楼栋 满两年带40万装修 保养好 朝南
118.85平米,单价48802元/平米,锦绣江南二期  龙华新区,精装,南,10人关注,https://sz.lianjia.com/ershoufang/105103382636.html,4室2厅,VR房源 房本满两年,580,,畅想真正的浪漫花园洋房生活，回家就是一种度假。
110.16平米,单价52651元/平米,富通天骏  龙华中心,精装,北,2人关注,https://sz.lianjia.com/ershoufang/105103340199.html,3室1厅,近地铁 VR房源 房本满五年,580,,富通天骏 3室1厅 580万
72.29平米,单价58791元/平米,碧水龙庭  民治,精装,南,15人关注,https://sz.lianjia.com/ershoufang/105103286294.html,2室2厅,VR房源 房本满五年,425,,深圳北 民治精装两房 改了2+2 免个税 红本
105.15平米,单价61817元/平米,城投七里香榭  红山,简装,南 北,18人关注,https://sz.lianjia.com/ershoufang/105103225584.html,3室2厅,VR房源 房本满五年,650,,红山，九方沃尔玛购物3+1房，业主急售
58.4平米,单价59932元/平米,青年城邦园  龙华中心,简装,东南,25人关注,https://sz.lianjia.com/ershoufang/105103182169.html,4室2厅,近地铁 VR房源 房本满五年,350,,青年城邦园 四房 龙华地铁口物业 位置安静 诚心出售
149.4平米,单价80322元/平米,幸福城一期  龙华中心,精装,南,1人关注,https://sz.lianjia.com/ershoufang/105103097600.html,4室1厅,近地铁 VR房源 房本满两年,1200,,单本证大户型  使用率高 居家适宜
112.55平米,单价53310元/平米,金地梅陇镇二期  龙华新区,简装,南,3人关注,https://sz.lianjia.com/ershoufang/105103034508.html,3室2厅,VR房源 房本满两年,600,,梅陇镇三房，户型方正，卧室空间大，诚售
106.74平米,单价51528元/平米,锦绣江南四期  龙华新区,简装,南,4人关注,https://sz.lianjia.com/ershoufang/105102953007.html,4室2厅,VR房源 房本满两年,550,,位置安静看花园，电梯高楼层，采光通风很好
89平米,单价58427元/平米,金地鹭湖1号  观澜,精装,南 北,8人关注,https://sz.lianjia.com/ershoufang/105102821401.html,3室2厅,VR房源 房本满五年,520,,两梯四户，装修品质高，可拎包入住
49.36平米,单价37480元/平米,华盛峰荟名庭  观澜,,北,5人关注,https://sz.lianjia.com/ershoufang/105102582079.html,1室1厅,VR房源 房本满两年,185,,精装修 视野开阔 采光通风都不错 业主急卖
113平米,单价40708元/平米,桂冠华庭  龙华中心,精装,南,4人关注,https://sz.lianjia.com/ershoufang/105102231166.html,3室2厅,VR房源 房本满五年,460,,桂冠华庭 3室2厅 460万
82.43平米,单价55805元/平米,御筑轩  龙华中心,精装,南 北,9人关注,https://sz.lianjia.com/ershoufang/105101458023.html,4室1厅,VR房源 房本满五年,460,,精致通透4房 新小区 装修保养好 配套齐全
45.15平米,单价68661元/平米,星河盛世  梅林关,精装,西北,8人关注,https://sz.lianjia.com/ershoufang/105103534888.html,1室0厅,近地铁 VR房源 房本满两年,310,20天以前发布,星河盛世 精装45平单间看花园 业主诚心卖310万
39.52平米,单价72116元/平米,龙光玖钻  红山,,南,5人关注,https://sz.lianjia.com/ershoufang/105103119683.html,2室2厅,房本满两年 随时看房,285,,龙光玖钻 2室2厅 285万
110.92平米,单价36964元/平米,金庸阁二期  龙华中心,简装,东 西南,6人关注,https://sz.lianjia.com/ershoufang/105102884616.html,3室2厅,近地铁 VR房源 房本满五年,410,,大三房，房子诚心卖，一手业主，满五唯一 红本在手
89.98平米,单价48345元/平米,滢水山庄二区  梅林关,简装,南,19人关注,https://sz.lianjia.com/ershoufang/105102539048.html,3室2厅,近地铁 VR房源 房本满五年,435,,一手业主，满五红本税费少，位置安静，户型通透，安静
135.48平米,单价42811元/平米,招商澜园  观澜,,南,13人关注,https://sz.lianjia.com/ershoufang/105102300834.html,4室2厅,VR房源 房本满五年,580,,花园位置，南北对流，带固定车位，安静舒适。
73.58平米,单价48247元/平米,馨园二期  民治,精装,南,63人关注,https://sz.lianjia.com/ershoufang/105102135489.html,2室2厅,VR房源 房本满两年,355,,馨园二期73.58平 满两年 业主自住 位置安静
89.58平米,单价64747元/平米,金地上塘道一期  红山,简装,南,13人关注,https://sz.lianjia.com/ershoufang/105101716197.html,3室2厅,VR房源 房本满两年,580,,此房满两年，业主诚心卖，精装保养好，可拎包住。
57.88平米,单价54423元/平米,青年城邦园  龙华中心,简装,东南,121人关注,https://sz.lianjia.com/ershoufang/105101088132.html,2室2厅,近地铁 VR房源 房本满两年,315,,龙华地铁口物业 装修保养好 采光通透性高 看房方便
103.99平米,单价83470元/平米,华业玫瑰四季馨园一期  红山,,东南,12人关注,https://sz.lianjia.com/ershoufang/105102073635.html,4室2厅,近地铁 VR房源,868,,位置安静 南北向户型 视野好 采光充足 精装保养
121.07平米,单价60296元/平米,溪山  梅林关,简装,南,2人关注,https://sz.lianjia.com/ershoufang/105102068201.html,4室2厅,VR房源 房本满五年,730,,溪山大四房，看园林景观，位置安静，业主诚心出售。
119.3平米,单价67058元/平米,中航阳光新苑  梅林关,简装,南,15人关注,https://sz.lianjia.com/ershoufang/105100984699.html,4室2厅,近地铁 VR房源 房本满五年,800,,中航阳光新苑 朝南朝花园安静，大阳台
73.96平米,单价62196元/平米,金地梅陇镇三期  龙华新区,精装,南,2人关注,https://sz.lianjia.com/ershoufang/105103509886.html,2室1厅,VR房源 房本满五年,460,24天以前发布,金地梅陇镇三期两房，红本在手，2+1房
97.58平米,单价43555元/平米,滢水山庄二区  梅林关,简装,南,10人关注,https://sz.lianjia.com/ershoufang/105102186403.html,3室2厅,VR房源 房本满两年,425,,梅林关大三房，拎包入住，看房方便。
101.26平米,单价56291元/平米,春华四季园一期  民治,精装,南,22人关注,https://sz.lianjia.com/ershoufang/105101232464.html,3室2厅,近地铁 VR房源 房本满五年,570,,看花园  业主诚心出售 位置安静
17.48平米,单价31465元/平米,启点公寓  观澜,,南,1人关注,https://sz.lianjia.com/ershoufang/105103583210.html,1室0厅,VR房源 房本满五年,55,11天以前发布,启点公寓 1室0厅 55万
101.72平米,单价45714元/平米,劲力城市明珠  龙华中心,精装,东南,11人关注,https://sz.lianjia.com/ershoufang/105103439916.html,3室2厅,VR房源 房本满五年,465,,大型社区，  业主自住大三房诚心出售！
172.14平米,单价69711元/平米,新华城  龙华新区,精装,南,0人关注,https://sz.lianjia.com/ershoufang/105103316694.html,5室2厅,VR房源 房本满五年,1200,,壹城旁，深物业，空中别墅，精装5房，带顶楼大露台
354.22平米,单价112925元/平米,圣莫丽斯花园A区  梅林关,,南 北,2人关注,https://sz.lianjia.com/ershoufang/105103007814.html,5室3厅,VR房源 房本满五年,4000,,圣莫丽斯花园A区 5室3厅 4000万
91平米,单价52748元/平米,奥宸观壹城  观澜,,南,2人关注,https://sz.lianjia.com/ershoufang/105102580323.html,3室2厅,VR房源 房本满两年,480,,奥宸观壹城 3室2厅 480万
74.8平米,单价40107元/平米,锦绣花园  龙华中心,简装,东南,113人关注,https://sz.lianjia.com/ershoufang/105101533674.html,2室1厅,近地铁 VR房源 房本满五年,300,,精装两房，中间楼层，单价低楼层好
116.48平米,单价45931元/平米,保利悦都  龙华中心,精装,东南,8人关注,https://sz.lianjia.com/ershoufang/105103411547.html,4室2厅,近地铁 VR房源 房本满两年 随时看房,535,,清湖地铁口 保利悦都 精装修4房2卫 满两年 看房有钥匙
86.61平米,单价55421元/平米,长城里程家园  上塘,精装,东南,64人关注,https://sz.lianjia.com/ershoufang/105103169951.html,3室2厅,近地铁 VR房源 房本满五年 随时看房,480,,满五年，红本在手，税费少，电梯小高层，视野采光好
89.46平米,单价58127元/平米,金地梅陇镇三期  龙华新区,精装,南,14人关注,https://sz.lianjia.com/ershoufang/105102628911.html,3室2厅,VR房源 房本满五年 随时看房,520,,金地梅陇镇三期精装三房 拎包入住
85.8平米,单价46854元/平米,龙华花半里花园  龙华中心,精装,西北,11人关注,https://sz.lianjia.com/ershoufang/105102762650.html,3室1厅,VR房源 房本满五年,402,,龙华花半里精装大三房  红本满五唯一税费少
150.69平米,单价49772元/平米,江南华府  龙华中心,简装,东南,0人关注,https://sz.lianjia.com/ershoufang/105102341833.html,5室1厅,VR房源 房本满五年,750,,151平单证4+1房，两梯两户，观光电梯，近龙华体育馆
87.36平米,单价48650元/平米,华盛峰荟名庭  观澜,,南 北,30人关注,https://sz.lianjia.com/ershoufang/105101372853.html,4室2厅,VR房源 房本满两年,425,,华盛峰荟名庭 4室2厅 425万
38.57平米,单价42002元/平米,新阳丽舍  龙华中心,精装,西北,1人关注,https://sz.lianjia.com/ershoufang/105103572351.html,1室1厅,VR房源 房本满五年,162,13天以前发布,信仰丽舍满五唯一刚需红本1室1厅
77.06平米,单价50870元/平米,富通天骏  龙华中心,简装,东南,55人关注,https://sz.lianjia.com/ershoufang/105101292360.html,2室2厅,近地铁 VR房源 房本满两年 随时看房,392,,花园小区 人车分流 地铁口 南向看花园
108.95平米,单价60579元/平米,金地梅陇镇二期  龙华新区,精装,南,0人关注,https://sz.lianjia.com/ershoufang/105103549789.html,3室2厅,VR房源 房本满五年,660,17天以前发布,金地梅陇镇二期 3室2厅 660万
88.86平米,单价69773元/平米,鸿荣源·壹城中心第五区  龙华中心,精装,南,8人关注,https://sz.lianjia.com/ershoufang/105103517220.html,4室2厅,VR房源 房本满两年,620,23天以前发布,五区4房 精装修  拎包入住  楼层适中
117.72平米,单价55216元/平米,金地梅陇镇二期  龙华新区,精装,南,8人关注,https://sz.lianjia.com/ershoufang/105103480784.html,4室2厅,VR房源 房本满五年,650,29天以前发布,满五年 少量欠款 客厅出阳台 改好4房 小区安静位置
106.3平米,单价73848元/平米,鸿荣源·壹城中心第九区  龙华中心,,南,32人关注,https://sz.lianjia.com/ershoufang/105102382462.html,5室2厅,近地铁 VR房源 房本满两年,785,,鸿荣源·壹城第九区，户型方正，满二，税费少
104.02平米,单价48068元/平米,碧水龙庭  民治,,南,17人关注,https://sz.lianjia.com/ershoufang/105103603953.html,3室1厅,VR房源 房本满五年 随时看房,500,7天以前发布,民治地铁站精装修三房 看花园 朝南 位置安静
55.93平米,单价33972元/平米,华盛峰荟名庭  观澜,精装,南,87人关注,https://sz.lianjia.com/ershoufang/105101856472.html,3室1厅,VR房源 房本满两年 随时看房,190,,龙华华盛观荟精装3房，采光好，户型方正
103.19平米,单价45548元/平米,劲力城市明珠  龙华中心,精装,东南,7人关注,https://sz.lianjia.com/ershoufang/105101401314.html,3室2厅,VR房源 房本满五年,470,,龙华06年电梯大3房 看泳池 ，通风采光好
270平米,单价74075元/平米,星河丹堤  梅林关,简装,南 北,5人关注,https://sz.lianjia.com/ershoufang/105102530550.html,4室2厅,VR房源 房本满两年,2000,,星河丹堤 4室2厅 2000万
85.33平米,单价69730元/平米,书香门第名苑  梅林关,精装,东南,2人关注,https://sz.lianjia.com/ershoufang/105103600493.html,3室2厅,近地铁 VR房源 房本满五年,595,8天以前发布,书香门第名苑优质正规3房，中楼层通风采光极好
97平米,单价70104元/平米,城投七里香榭  红山,简装,东南,1人关注,https://sz.lianjia.com/ershoufang/105103559958.html,3室1厅,VR房源 房本满五年,680,15天以前发布,城投七里香榭 3室1厅 680万
190.56平米,单价93304元/平米,星河丹堤  梅林关,精装,南,4人关注,https://sz.lianjia.com/ershoufang/105102906057.html,3室2厅,VR房源 房本满五年,1778,,三套房设计 全南户型 精装修保养好 安静看山景
124.36平米,单价49052元/平米,万科九龙山  观澜,精装,南,10人关注,https://sz.lianjia.com/ershoufang/105102590272.html,4室2厅,VR房源 房本满两年,610,,万科物业 此房满2年，位置安静，朝南朝北，采光通风好
97.17平米,单价45797元/平米,锦绣江南一期  龙华新区,简装,南 北,26人关注,https://sz.lianjia.com/ershoufang/105102503920.html,3室1厅,VR房源 房本满五年 随时看房,445,,南北通大三居，采光充足，满五年红本在手 随时可看
81.91平米,单价79356元/平米,星河传奇二期  红山,,南,4人关注,https://sz.lianjia.com/ershoufang/105103629483.html,3室2厅,近地铁 VR房源 房本满两年,650,2天以前发布,精装正南高层位置佳，业主诚意出售，视野开阔!
136.81平米,单价57014元/平米,城投七里香榭  红山,精装,南 西南,47人关注,https://sz.lianjia.com/ershoufang/105101324816.html,4室2厅,VR房源 房本满两年 随时看房,780,,正观小区花园泳池，双龙抱珠户型，方正，中式装修
130.32平米,单价46041元/平米,中航格澜郡阳光花园  观澜,精装,南,12人关注,https://sz.lianjia.com/ershoufang/105101458591.html,3室2厅,VR房源 房本满两年,600,,龙华观澜中航格澜郡一期，经典大三房，业主诚心出售
162.56平米,单价73819元/平米,卓越皇后道  红山,精装,南,24人关注,https://sz.lianjia.com/ershoufang/105101330421.html,4室1厅,VR房源 房本满五年,1200,,皇后道 高楼层 视野好业主自住房诚心出售
80.13平米,单价49295元/平米,阳光新境园  龙华新区,精装,南,28人关注,https://sz.lianjia.com/ershoufang/105103246823.html,2室1厅,VR房源 房本满五年,395,,阳光新境园标准大两房，客厅出阳台，位置安静
74.77平米,单价39455元/平米,可乐园  龙华中心,精装,南 北,157人关注,https://sz.lianjia.com/ershoufang/105101935770.html,2室2厅,VR房源 房本满两年 随时看房,295,,可乐园 标准大两房户型实用 羊台山下空气好
101.3平米,单价48372元/平米,世纪春城二期  民治,简装,南,20人关注,https://sz.lianjia.com/ershoufang/105103527456.html,3室1厅,VR房源 房本满五年,490,21天以前发布,龙华深圳北 红山 世纪春城二期 南北双阳台居家大三房
43.48平米,单价40019元/平米,明发光明轩  公明,,东南,0人关注,https://sz.lianjia.com/ershoufang/105103310503.html,1室1厅,VR房源,174,,明发光明轩43平毛胚房业主急售
55.13平米,单价32651元/平米,宏发嘉域  公明,精装,西南,0人关注,https://sz.lianjia.com/ershoufang/105103202394.html,1室1厅,VR房源 房本满两年,180,,楼层好，采光充足，价格优惠，交通便利，小区配套成熟
99.57平米,单价32139元/平米,南星大厦  公明,精装,东,25人关注,https://sz.lianjia.com/ershoufang/105103040756.html,3室2厅,VR房源 房本满五年,320,,精装三房 东莞价格买深圳 看房方便 诚心出售
44.42平米,单价36020元/平米,碧桂园星荟  公明,,西北,1人关注,https://sz.lianjia.com/ershoufang/105103009433.html,2室2厅,VR房源 房本满两年 随时看房,160,,新房没有住过人，4.5M层高2房
40.36平米,单价54510元/平米,益田假日府邸  公明,精装,西南,5人关注,https://sz.lianjia.com/ershoufang/105103491880.html,2室1厅,房本满两年 随时看房,220,27天以前发布,益田假日府邸 2室1厅 220万
36.66平米,单价30006元/平米,龙光玖云著  坪山,精装,西南,1人关注,https://sz.lianjia.com/ershoufang/105103451409.html,1室1厅,随时看房,110,,龙光玖云著 1室1厅 110万
84.07平米,单价35685元/平米,京基御景印象二期  坪山,精装,南,2人关注,https://sz.lianjia.com/ershoufang/105102528980.html,2室1厅,房本满五年,300,,84平大两房，小区安静、居住舒适
45平米,单价28445元/平米,坪山首座  坪山,精装,南,1人关注,https://sz.lianjia.com/ershoufang/105101672287.html,1室1厅,房本满五年,128,,坪山首座 1室1厅 128万
84.34平米,单价92483元/平米,大东城二期  坪山,精装,南,1人关注,https://sz.lianjia.com/ershoufang/105101753954.html,6室2厅,房本满两年,780,,南北通板楼 复式3层半 实用200多 视野景观好 看房方便
56.05平米,单价16950元/平米,金田风华苑  坪山,,南,44人关注,https://sz.lianjia.com/ershoufang/105103310061.html,1室1厅,VR房源,95,,金田风华苑 1室1厅 95万
88.09平米,单价39733元/平米,深业东城上邸  坪山,精装,东南,9人关注,https://sz.lianjia.com/ershoufang/105102594639.html,3室2厅,VR房源 房本满两年,350,,此房为复式房 使用面积广 住着舒适 视野广阔
83.44平米,单价27565元/平米,中粮一品澜山花园  坪山,,西南,4人关注,https://sz.lianjia.com/ershoufang/105103227793.html,2室2厅,VR房源 房本满两年,230,,中粮一品澜山 小2房南向高层视野好 配套齐全
41.56平米,单价25265元/平米,盈富家园  坪山,简装,南,7人关注,https://sz.lianjia.com/ershoufang/105101858498.html,1室0厅,VR房源 房本满两年,105,,坪山实用大开间，*一房一厅。
45.88平米,单价21796元/平米,坪山首座  坪山,精装,东南,244人关注,https://sz.lianjia.com/ershoufang/105101548782.html,1室1厅,VR房源 房本满五年,100,,坪山首座 1室1厅 100万
156.16平米,单价41304元/平米,天峦湖  坪山,精装,西南,0人关注,https://sz.lianjia.com/ershoufang/105103267619.html,5室2厅,VR房源 房本满两年,645,,天然氧吧湖光山色天峦湖大五房精装大宅朝西南看花园
106.74平米,单价42159元/平米,天峦湖  坪山,精装,西北,0人关注,https://sz.lianjia.com/ershoufang/105102692068.html,4室1厅,VR房源 房本满两年,450,,天峦湖 4室1厅 450万
126.31平米,单价38002元/平米,中粮一品澜山花园  坪山,精装,南,1人关注,https://sz.lianjia.com/ershoufang/105101568450.html,4室2厅,VR房源 房本满五年,480,,央企物业，126平精装大四房，户型方正，采光充足
50.84平米,单价27538元/平米,龙光玖云著  坪山,,南,12人关注,https://sz.lianjia.com/ershoufang/105103005619.html,2室2厅,房本满两年 随时看房,140,,地铁上*盖物业 龙光玖云著 复式2房 低总价 配套成熟
62.53平米,单价36783元/平米,中粮一品澜山花园  坪山,,南,27人关注,https://sz.lianjia.com/ershoufang/105102400641.html,2室1厅,VR房源 房本满两年,230,,中粮世家2房 视野好，满两年红本在手，看房方便
56.73平米,单价40191元/平米,豪方菁园  坪山,精装,东南 南,19人关注,https://sz.lianjia.com/ershoufang/105102087239.html,3室1厅,VR房源 随时看房,228,,总价低，小户型，刚需房，户型方正
81平米,单价37161元/平米,深业东城国际  坪山,,南,2人关注,https://sz.lianjia.com/ershoufang/105103452289.html,3室2厅,VR房源 房本满五年 随时看房,301,,坪山地 铁 口三房，大阳台 交通便利
94.4平米,单价35806元/平米,心海城  坪山,精装,东南,2人关注,https://sz.lianjia.com/ershoufang/105102646210.html,3室2厅,VR房源 房本满两年 随时看房,338,,碧桂园心海城 94平双阳台大三房 业主诚心出售
44.14平米,单价50975元/平米,豪方菁园  坪山,精装,东,1人关注,https://sz.lianjia.com/ershoufang/105103595314.html,3室2厅,VR房源 房本满五年,225,9天以前发布,首付60万起可买，双   校区的红本住宅值得推荐
89.48平米,单价34645元/平米,深业东城上邸  坪山,精装,东南,11人关注,https://sz.lianjia.com/ershoufang/105103493908.html,4室2厅,VR房源 房本满五年,310,27天以前发布,深业东城上邸 精装大四房 交通便利 配套完善
94.41平米,单价34425元/平米,心海城  坪山,精装,南,5人关注,https://sz.lianjia.com/ershoufang/105103532408.html,3室1厅,VR房源 房本满两年 随时看房,325,20天以前发布,精装三房，南向采光好，业主诚心出售
141.81平米,单价33849元/平米,海语山林  大鹏半岛,精装,南 北,0人关注,https://sz.lianjia.com/ershoufang/105102682562.html,4室2厅,房本满五年,480,,海语山林 安静居住 采光好 满五年唯一
86.72平米,单价32288元/平米,PURE33璞岸  大鹏半岛,,南,1人关注,https://sz.lianjia.com/ershoufang/105102735702.html,3室2厅,房本满五年,280,,大鹏海边社区 安静天然氧吧 年轻人的需要
36.34平米,单价30270元/平米,承翰半山海  大鹏半岛,精装,南,0人关注,https://sz.lianjia.com/ershoufang/105101990845.html,1室0厅,房本满两年,110,,大鹏新区 承翰半山海小区  红本   满二
153.74平米,单价21465元/平米,亚迪村  大鹏半岛,精装,南 北,6人关注,https://sz.lianjia.com/ershoufang/105102159393.html,3室2厅,VR房源 房本满五年,330,,南北通透 大3房2卫 红本在手  带装修
78.71平米,单价29222元/平米,海语山林  大鹏半岛,精装,南,11人关注,https://sz.lianjia.com/ershoufang/105102342364.html,2室1厅,VR房源 房本满五年,230,,海语山林，高层精装大两房，环境好，看房方便
36.34平米,单价25592元/平米,承翰半山海  大鹏半岛,精装,东南,22人关注,https://sz.lianjia.com/ershoufang/105101182480.html,1室1厅,VR房源 房本满两年,93,,看山景海景精装一房一厅，高楼层光线好带入户天然气
44.71平米,单价33103元/平米,KPR佳兆业广场  大鹏半岛,精装,西南,0人关注,https://sz.lianjia.com/ershoufang/105101577418.html,1室1厅,VR房源 房本满两年,148,,户型格局实用，精装修拎包住，看房提前预约
89.46平米,单价26269元/平米,东部明珠雅苑  大鹏半岛,简装,东南,23人关注,https://sz.lianjia.com/ershoufang/105102059058.html,3室2厅,VR房源 房本满两年,235,,东部明珠雅苑 大鹏社区式花园 单价2.6万起买三房
67.5平米,单价29630元/平米,海语山林  大鹏半岛,精装,南,11人关注,https://sz.lianjia.com/ershoufang/105103477518.html,2室2厅,VR房源 房本满两年,200,30天以前发布,海语山林 精装修两房 红本在手 成熟小区 入住率高
111.14平米,单价28793元/平米,海语山林  大鹏半岛,精装,南 北,30人关注,https://sz.lianjia.com/ershoufang/105101314102.html,3室2厅,VR房源 房本满五年,320,,海语山林花园 南北通 精装3房
68.69平米,单价65512元/平米,靖轩豪苑  黄贝岭,精装,西北,4人关注,https://sz.lianjia.com/ershoufang/105101298901.html,2室2厅,VR房源 房本满两年,450,,靖轩豪苑 准新二房 东南朝向 高楼层 带翠园
28.09平米,单价40940元/平米,华达园公寓  百仕达,简装,东北,48人关注,https://sz.lianjia.com/ershoufang/105103246193.html,1室0厅,近地铁 VR房源 房本满两年 随时看房,115,,此房业主相当诚心出售的，总价低，产权放心！
96.64平米,单价38080元/平米,水产大厦  东门,精装,东南,3人关注,https://sz.lianjia.com/ershoufang/105102325156.html,2室1厅,近地铁 VR房源 房本满五年,368,,水产大厦两房 新装修业主诚心卖
47.67平米,单价61884元/平米,聚龙大厦  螺岭,简装,东南,16人关注,https://sz.lianjia.com/ershoufang/105102089392.html,2室1厅,近地铁 VR房源 房本满五年,295,,聚龙大厦 可用 自住保养好 物业严格 诚心出售
53.59平米,单价41986元/平米,南塘物业小区  东门,精装,南,71人关注,https://sz.lianjia.com/ershoufang/105101660205.html,2室1厅,近地铁 VR房源 房本满两年,225,,商圈位置好，老街、晒布地铁，金三角的居
25.79平米,单价39551元/平米,华达园公寓  百仕达,简装,东南,24人关注,https://sz.lianjia.com/ershoufang/105101520318.html,1室0厅,近地铁 VR房源 房本满两年,102,,华达园公寓 1室0厅 102万
51.97平米,单价36945元/平米,海珑华苑  螺岭,简装,西南,42人关注,https://sz.lianjia.com/ershoufang/105101309409.html,1室1厅,近地铁 VR房源 房本满五年,192,,螺岭商圈 海珑华苑 *二房 业主诚心出售
40平米,单价92500元/平米,汇金天琅大厦  春风路,精装,东南,0人关注,https://sz.lianjia.com/ershoufang/105103463073.html,2室1厅,近地铁 房本满两年,370,,汇金天琅大厦 2室1厅 370万
40.94平米,单价42746元/平米,鸿翔花园  地王,简装,北,5人关注,https://sz.lianjia.com/ershoufang/105101601109.html,1室0厅,近地铁 VR房源 房本满五年,175,,户型方正，圆岭地铁口，交通方便！
143.3平米,单价50943元/平米,湖景大厦  翠竹,简装,南,5人关注,https://sz.lianjia.com/ershoufang/105103456682.html,4室1厅,近地铁 VR房源 房本满五年,730,,深 中+锦田未用，洪湖公园旁，湖景大厦四居室
108平米,单价69445元/平米,田苑小区  翠竹,,南,1人关注,https://sz.lianjia.com/ershoufang/105103392894.html,4室2厅,近地铁 VR房源 房本满五年,750,,田苑小区 4室2厅 750万
48.71平米,单价61179元/平米,城市东座  莲塘,精装,南,14人关注,https://sz.lianjia.com/ershoufang/105103344134.html,2室1厅,VR房源 房本满五年,298,,此房满五年 面积实用，正规小两房，南向，面积实用
62.6平米,单价55911元/平米,阳光新干线家园  春风路,精装,东,6人关注,https://sz.lianjia.com/ershoufang/105103304290.html,2室1厅,近地铁 VR房源 房本满五年,350,,阳光新干线  满五唯一 红本在手 精装两房 业主诚心卖
67.64平米,单价68747元/平米,锦缘里嘉园  新秀,精装,东南,6人关注,https://sz.lianjia.com/ershoufang/105103242605.html,2室1厅,近地铁 VR房源 房本满两年,465,,东南向带装修，全新花园社区，万科物业管理，车位充足
92.41平米,单价48697元/平米,翠苑大厦  百仕达,简装,东南,1人关注,https://sz.lianjia.com/ershoufang/105103203687.html,3室1厅,近地铁 VR房源 房本满五年,450,,满五唯一，红本在手。业主诚心卖，采光好
100.32平米,单价39773元/平米,深华商业大厦  春风路,精装,西,4人关注,https://sz.lianjia.com/ershoufang/105103146124.html,3室1厅,近地铁 VR房源 房本满五年,399,,此房满五年，高楼层 采光通风好 交易费用少，户型方正
57.2平米,单价57693元/平米,鹏兴花园二期  莲塘,精装,北,4人关注,https://sz.lianjia.com/ershoufang/105103080279.html,2室1厅,VR房源 房本满五年,330,,此房满五年唯一，精装修，近地铁口，高楼层视野好
38.01平米,单价84189元/平米,合正锦湖魅力城  洪湖,精装,南,2人关注,https://sz.lianjia.com/ershoufang/105103032285.html,1室1厅,近地铁 VR房源 房本满五年,320,,红本在手，精装修 ，户型方正通透
166.19平米,单价58969元/平米,新港鸿花园  百仕达,精装,东南,1人关注,https://sz.lianjia.com/ershoufang/105102964171.html,4室1厅,近地铁 VR房源 房本满五年,980,,少有的复式户型，电梯房，满五年红本在手，诚心出售！
104.4平米,单价55556元/平米,海珑华苑  螺岭,精装,南,12人关注,https://sz.lianjia.com/ershoufang/105102901927.html,3室1厅,近地铁 VR房源 房本满五年,580,,海珑华苑 朝南大3房 满5唯一
80.8平米,单价77971元/平米,广场北街小区  地王,精装,东,1人关注,https://sz.lianjia.com/ershoufang/105102745000.html,3室1厅,近地铁 VR房源 房本满五年,630,,此房满五唯一，准*物业，户型方正通透性好采光充足
55.84平米,单价60710元/平米,新银座华庭  罗湖口岸,精装,南,5人关注,https://sz.lianjia.com/ershoufang/105102559567.html,2室1厅,近地铁 VR房源 房本满五年,339,,新银座华庭两房一厅精装修高层南向一手业主
147.08平米,单价45554元/平米,中山花园大厦  黄贝岭,精装,南,4人关注,https://sz.lianjia.com/ershoufang/105102202609.html,4室1厅,近地铁 VR房源 房本满五年,670,,户型方正，视野宽阔，采光充足，红本在手税费少，
102.15平米,单价54822元/平米,源兴居  洪湖,精装,南 西,7人关注,https://sz.lianjia.com/ershoufang/105101603751.html,3室1厅,近地铁 VR房源 房本满两年,560,,源兴居 看洪湖公园全景 高楼层 视野开阔格局方正 红本
64.63平米,单价52608元/平米,星湖花园  银湖,精装,东,16人关注,https://sz.lianjia.com/ershoufang/105101886140.html,2室2厅,近地铁 VR房源 房本满五年,340,,满五年唯一省三万四个税，正规两房
57.42平米,单价54859元/平米,田心庆云花园  笋岗,简装,北,10人关注,https://sz.lianjia.com/ershoufang/105103513108.html,2室1厅,近地铁 VR房源 房本满两年,315,24天以前发布,店长推荐花园两房，近地铁，交通便利，业主诚意出售
88.56平米,单价48555元/平米,国都花园  地王,简装,东南,6人关注,https://sz.lianjia.com/ershoufang/105103401234.html,3室1厅,近地铁 VR房源 房本满五年 随时看房,430,,《国都花园。格局方正三房》红本在手 税费少 一手业主
58.21平米,单价57551元/平米,晒布路11巷  东门,简装,东南,3人关注,https://sz.lianjia.com/ershoufang/105103203727.html,2室1厅,VR房源 房本满五年 随时看房,335,,晒布路11巷 2室1厅 335万
39.25平米,单价40510元/平米,龙园苑  黄贝岭,简装,南,13人关注,https://sz.lianjia.com/ershoufang/105102758457.html,1室0厅,近地铁 VR房源 房本满两年 随时看房,159,,龙园苑 可隔断为两居 满二年免增值税 南向 住家安静
126.12平米,单价42658元/平米,东乐花园  百仕达,精装,南,17人关注,https://sz.lianjia.com/ershoufang/105102921863.html,4室1厅,近地铁 VR房源 房本满两年,538,,地铁口物业 朝南看花园 装修保养好 可拎包入住
90.79平米,单价34696元/平米,同乐大厦  东门,简装,东南,14人关注,https://sz.lianjia.com/ershoufang/105102757916.html,3室1厅,近地铁 VR房源 房本满两年,315,,诚心卖，诚心卖，满二。税费少，看房方便
98.74平米,单价51651元/平米,怡泰大厦  黄贝岭,精装,北,2人关注,https://sz.lianjia.com/ershoufang/105102526061.html,3室1厅,近地铁 VR房源 房本满五年,510,,怡泰大厦  正规大三房  红本在手 高楼层
191.35平米,单价67939元/平米,淘金山一期  布心,精装,东南,9人关注,https://sz.lianjia.com/ershoufang/105102381722.html,4室1厅,近地铁 VR房源 房本满五年,1300,,（总监推荐）公园小区 舒适体验 居家
160.7平米,单价67206元/平米,柏丽花园  翠竹,精装,东南,5人关注,https://sz.lianjia.com/ershoufang/105102240112.html,4室2厅,近地铁 VR房源 房本满五年,1080,,柏丽花园满五年 户型方正，电梯房，中等装修适合居家
86.43平米,单价55537元/平米,云峰花园  春风路,精装,东南,8人关注,https://sz.lianjia.com/ershoufang/105102068967.html,3室1厅,近地铁 VR房源 房本满两年,480,,精装自住3房，高层视野好，直接拎包入
101.95平米,单价44140元/平米,丹枫白露城东1号  黄贝岭,精装,东南,4人关注,https://sz.lianjia.com/ershoufang/105101764658.html,2室2厅,近地铁 VR房源 房本满两年,450,,丹枫 高楼层 视野开阔 精装两房
71.94平米,单价47957元/平米,金鼎大厦  春风路,精装,西北,55人关注,https://sz.lianjia.com/ershoufang/105101520371.html,3室1厅,近地铁 VR房源 房本满五年,345,,国贸商圈金鼎大厦三房九号线地铁口。
36.7平米,单价59946元/平米,雍翠华府  布心,精装,西北,41人关注,https://sz.lianjia.com/ershoufang/105101277498.html,1室1厅,近地铁 VR房源 房本满五年,220,,【链家网推荐】：中间楼层，业主诚心放卖！
42.47平米,单价44738元/平米,华达园公寓  百仕达,简装,东北,82人关注,https://sz.lianjia.com/ershoufang/105100727873.html,1室1厅,近地铁 VR房源 房本满五年,190,,店长推荐70年产权 正规一房户型方正朝东 满五年总价低
46.7平米,单价64240元/平米,世界金融中心  万象城,简装,南,14人关注,https://sz.lianjia.com/ershoufang/105102437374.html,2室1厅,近地铁 VR房源 房本满五年 随时看房,300,,世金汉宫正规两房，朝南，中间楼层，住宅
160.58平米,单价57916元/平米,兰亭国际名园  莲塘,精装,东南,9人关注,https://sz.lianjia.com/ershoufang/105102425551.html,4室2厅,VR房源 房本满两年,930,,欧式装修 大四房客厅开间大 生活阳台有拓展可养宠物
85.27平米,单价48669元/平米,洪湖二街14号大院  洪湖,简装,南,20人关注,https://sz.lianjia.com/ershoufang/105102119343.html,3室1厅,近地铁 VR房源 房本满五年,415,,此房满五年，采光通透，方正空间大·*迁物业
67.04平米,单价53700元/平米,彩世界家园  布心,简装,西南,7人关注,https://sz.lianjia.com/ershoufang/105101616232.html,2室1厅,近地铁 VR房源 房本满五年,360,,彩世界家园，厅出大阳台，看水库和梧桐山，风景独好
81.51平米,单价63796元/平米,宝丰苑  布心,精装,东,11人关注,https://sz.lianjia.com/ershoufang/105101289227.html,2室1厅,近地铁 VR房源 房本满两年,520,,16年新小区，城市更新地带，，布心station
70.87平米,单价43037元/平米,庐山花园  罗湖口岸,精装,东,8人关注,https://sz.lianjia.com/ershoufang/105103546727.html,2室1厅,近地铁 VR房源 房本满五年,305,18天以前发布,精装两房 满五唯一 高楼层 业主急卖
44.73平米,单价59245元/平米,天越翔园  莲塘,,南,1人关注,https://sz.lianjia.com/ershoufang/105103522018.html,1室1厅,VR房源 房本满五年,265,22天以前发布,地铁口物业，罗外初中部，南向户型采光通风好
46平米,单价70653元/平米,风格名苑  地王,简装,南,15人关注,https://sz.lianjia.com/ershoufang/105103487573.html,1室1厅,近地铁 VR房源 房本满五年,325,28天以前发布,风格名苑朝南一房一厅 客厅出阳台 采光好
44.19平米,单价42997元/平米,海洋大厦  黄贝岭,精装,东北,67人关注,https://sz.lianjia.com/ershoufang/105102698191.html,1室1厅,近地铁 房本满五年 随时看房,190,,地铁口物业，交通方便，精装修，一房，配套完善，
39.5平米,单价86076元/平米,金迪名苑  布心,简装,南,14人关注,https://sz.lianjia.com/ershoufang/105102214346.html,1室1厅,近地铁 VR房源 房本满两年,340,,总监推荐，业主诚心出售，必看好房
108.55平米,单价53432元/平米,宝龙苑  百仕达,精装,东北,16人关注,https://sz.lianjia.com/ershoufang/105101621096.html,4室2厅,近地铁 VR房源 房本满五年,580,,5.7号线地铁口太安站 电梯大四房 户型方正 喜荟城旁边
56.76平米,单价55497元/平米,花半里别馆  布心,精装,东南,100人关注,https://sz.lianjia.com/ershoufang/105100629639.html,2室1厅,近地铁 VR房源 房本满两年,315,,花半里别馆东南向大两房 户型少见精装急售
243.79平米,单价131261元/平米,仙湖山庄二期  莲塘,,南 北,0人关注,https://sz.lianjia.com/ershoufang/105103571539.html,4室4厅,VR房源 房本满两年,3200,13天以前发布,仙湖山庄二期 4室4厅 3200万
31.4平米,单价36625元/平米,中航凯特公寓  地王,精装,北,15人关注,https://sz.lianjia.com/ershoufang/105102994917.html,1室0厅,近地铁 VR房源 房本满五年 随时看房,115,,中航凯特单间 装修保养好 红岭地铁站
132.91平米,单价51163元/平米,兰亭国际名园  莲塘,精装,北,1人关注,https://sz.lianjia.com/ershoufang/105103299845.html,3室1厅,VR房源 房本满两年,680,,兰亭国际名园，关口物业，看东湖公园 交通便利
91.67平米,单价59998元/平米,深勘宿舍  螺岭,简装,南,3人关注,https://sz.lianjia.com/ershoufang/105103192633.html,3室2厅,近地铁 VR房源 房本满两年,550,,满五年 看房提前约 随时约谈 诚心卖
94.39平米,单价77339元/平米,金城华庭  螺岭,精装,东南,14人关注,https://sz.lianjia.com/ershoufang/105103022140.html,3室1厅,近地铁 VR房源 房本满五年,730,,花园社区，满五唯一，自住保养好，业主诚心卖
156.19平米,单价69147元/平米,银翠苑  银湖,精装,南,4人关注,https://sz.lianjia.com/ershoufang/105102697902.html,5室2厅,VR房源 房本满五年,1080,,精装好房，小区安静，业主诚心出售。
39.3平米,单价57507元/平米,旭飞华达园  百仕达,简装,南,22人关注,https://sz.lianjia.com/ershoufang/105102326521.html,2室1厅,近地铁 VR房源 房本满两年,226,,地铁口 住家方便 小两房 楼下沃尔玛 旁边公园
73.67平米,单价57011元/平米,银通金秀小区  黄贝岭,简装,西北,1人关注,https://sz.lianjia.com/ershoufang/105102076499.html,3室1厅,近地铁 VR房源 房本满五年,420,,罗湖新秀 银通金秀小区三房 一手业主红本 诚心出售
52.2平米,单价45020元/平米,南塘物业小区  东门,精装,东南,57人关注,https://sz.lianjia.com/ershoufang/105101753400.html,2室1厅,近地铁 VR房源 房本满两年,235,,老街地铁好装修两居室，主卧出阳台，税费低
63.03平米,单价65842元/平米,嘉宝田花园  笋岗,简装,东南,89人关注,https://sz.lianjia.com/ershoufang/105101338234.html,2室1厅,近地铁 VR房源 房本满五年,415,,嘉宝田一期东南向两房，*小三房，精装修！
51.25平米,单价52683元/平米,立新花园  东门,精装,东,70人关注,https://sz.lianjia.com/ershoufang/105100756622.html,2室1厅,近地铁 VR房源 房本满两年,270,,罗湖东门步行街旁电梯房两房一厅，交通便利！价格可谈
103.88平米,单价53909元/平米,新港鸿花园  百仕达,简装,东南,0人关注,https://sz.lianjia.com/ershoufang/105103310793.html,3室1厅,近地铁 VR房源 房本满五年 随时看房,560,,新港鸿花园 3室1厅 560万
82.53平米,单价38774元/平米,英达花园  布心,精装,东南 南,8人关注,https://sz.lianjia.com/ershoufang/105102821000.html,4室1厅,近地铁 VR房源 房本满两年 随时看房,320,,精装修带稳定租约  采光好 看花园
107.33平米,单价54039元/平米,兰亭国际名园  莲塘,精装,北,11人关注,https://sz.lianjia.com/ershoufang/105102668761.html,2室1厅,VR房源 房本满五年,580,,业主自主的房子，保养比较好，红本在手过户快诚心卖
191.69平米,单价59993元/平米,都市名园  万象城,精装,北,6人关注,https://sz.lianjia.com/ershoufang/105102292329.html,4室2厅,近地铁 VR房源 房本满五年,1150,,装修好！满五年！红本！高层！近地段！
71.08平米,单价58948元/平米,万事达名苑  百仕达,精装,西南,6人关注,https://sz.lianjia.com/ershoufang/105101777674.html,2室1厅,近地铁 VR房源 房本满五年,419,,满五年红本两房，厅出阳台户型方正，业主诚售！
53.64平米,单价55929元/平米,名仕阁  地王,简装,北,29人关注,https://sz.lianjia.com/ershoufang/105101221118.html,1室1厅,近地铁 VR房源 房本满两年,300,,满二红本，全新家私家电装修漂亮，邀你共享精致生活
72.74平米,单价52929元/平米,鸿翠苑  布心,简装,东,9人关注,https://sz.lianjia.com/ershoufang/105103562195.html,2室2厅,近地铁 VR房源 房本满五年,385,15天以前发布,鸿翠苑大两房 2009年小区 满五年红本在手
72.41平米,单价49717元/平米,双城世纪  罗湖口岸,简装,东,7人关注,https://sz.lianjia.com/ershoufang/105101238293.html,2室1厅,近地铁 VR房源 房本满两年 随时看房,360,,双城世纪高楼层、朝东，大两房，精装修！
132.56平米,单价71666元/平米,百仕达花园二期  百仕达,简装,南,11人关注,https://sz.lianjia.com/ershoufang/105101393079.html,3室2厅,近地铁 VR房源 房本满五年,950,,百仕达花园位置，看湖景，满5年唯一
76.49平米,单价53602元/平米,金鼎大厦  春风路,简装,南,1人关注,https://sz.lianjia.com/ershoufang/105103524617.html,3室1厅,近地铁 VR房源 房本满五年,410,21天以前发布,金鼎大厦 三房 中楼层南向 采光通风好
98.21平米,单价50912元/平米,鸿隆世纪广场  地王,,北,3人关注,https://sz.lianjia.com/ershoufang/105103481309.html,3室1厅,近地铁 VR房源 房本满两年,500,29天以前发布,近国贸老街，装修考究带红木家具，诚意出售看房随时
39.54平米,单价46030元/平米,丰湖花园  清水河,简装,西,238人关注,https://sz.lianjia.com/ershoufang/105100877010.html,1室1厅,近地铁 VR房源 房本满五年 随时看房,182,,【链家网推荐】：中间楼层，业主诚心放卖！
69.49平米,单价79149元/平米,京基东方颐园  螺岭,精装,东南,1人关注,https://sz.lianjia.com/ershoufang/105103607709.html,2室1厅,近地铁 VR房源 房本满五年,550,6天以前发布,此房精装修格局方正南向楼层高采光好
102.78平米,单价58378元/平米,四季御园  莲塘,,东南,42人关注,https://sz.lianjia.com/ershoufang/105102443546.html,3室2厅,VR房源 房本满两年 随时看房,600,,复式朝南大三房  看香港山 莲塘关口物业
179.29平米,单价100397元/平米,航天晴山月  莲塘,精装,南,3人关注,https://sz.lianjia.com/ershoufang/105102677987.html,6室2厅,VR房源 房本满五年,1800,,靠梧桐山麓  坐享怡人景致 舒适大宅 中空复式大6房
37.38平米,单价64206元/平米,东门金座  东门,简装,南,0人关注,https://sz.lianjia.com/ershoufang/105103532094.html,1室1厅,近地铁 VR房源 房本满两年 随时看房,240,20天以前发布,东门户型好，正规的一房，东门老街，地铁口300米
41.87平米,单价66874元/平米,虹桥星座大厦  笋岗,精装,南,67人关注,https://sz.lianjia.com/ershoufang/105101593599.html,2室1厅,近地铁 VR房源 房本满五年,280,,虹桥星座 05年花园社区 高层南向两房 户型实用高
387.2平米,单价116220元/平米,金湖山庄  银湖,简装,西南,5人关注,https://sz.lianjia.com/ershoufang/105102849871.html,8室3厅,近地铁 VR房源 房本满五年,4500,,金湖山庄独栋大别墅看湖景看山景
101.99平米,单价55888元/平米,湖景花园  洪湖,简装,东,1人关注,https://sz.lianjia.com/ershoufang/105103589802.html,3室1厅,近地铁 VR房源 房本满五年 随时看房,570,10天以前发布,湖景花园 满五年红本  看洪湖公园装修保养好
20.62平米,单价47042元/平米,祥青苑  银湖,简装,北,77人关注,https://sz.lianjia.com/ershoufang/105101490032.html,1室0厅,近地铁 VR房源 房本满两年,97,,满三年，有少量欠款，业主诚心卖
129.8平米,单价57782元/平米,碧波花园南区  黄贝岭,精装,东南,3人关注,https://sz.lianjia.com/ershoufang/105102416697.html,3室2厅,近地铁 VR房源 房本满两年,750,,房子南北贯通，采光通风效果好  看房提前约
66.08平米,单价45400元/平米,大滩大厦  罗湖口岸,简装,南,38人关注,https://sz.lianjia.com/ershoufang/105101454955.html,3室1厅,近地铁 VR房源 房本满五年,300,,大滩大厦少有3房 海关大院里 环境好 社区大 诚意出售
37.61平米,单价63813元/平米,福德花园  螺岭,简装,北,7人关注,https://sz.lianjia.com/ershoufang/105101396178.html,1室1厅,近地铁 VR房源 房本满两年,240,,大一房，高楼层，视野开阔，业主诚心出售。
60.55平米,单价51198元/平米,锦上花家园  黄贝岭,简装,西北,32人关注,https://sz.lianjia.com/ershoufang/105101385679.html,2室1厅,近地铁 VR房源 房本满五年,310,,锦上花方正小两房出售，近文锦渡口岸，户型方正实用
63.09平米,单价41211元/平米,南塘物业小区  东门,精装,南,33人关注,https://sz.lianjia.com/ershoufang/105103390923.html,2室1厅,近地铁 VR房源 房本满两年,260,,精装修带阳台两房业主诚心出售！
20.96平米,单价45802元/平米,雅仕居  清水河,精装,西,26人关注,https://sz.lianjia.com/ershoufang/105103300553.html,1室0厅,VR房源 房本满五年,96,,价格可以谈 房子已经没有欠款了 需要交的税费很少
87.8平米,单价40775元/平米,汽培小区  新秀,简装,南,14人关注,https://sz.lianjia.com/ershoufang/105103418052.html,3室2厅,近地铁 VR房源 房本满五年,358,,汽培小区正规3房，户型方正，采光通风好。
22.79平米,单价47390元/平米,雅仕居  清水河,简装,东南,16人关注,https://sz.lianjia.com/ershoufang/105103429804.html,1室0厅,VR房源 房本满五年 随时看房,108,,封闭式花园小区带游泳池 红本在手 税费少
103.27平米,单价67784元/平米,金贝苑  翠竹,简装,东南,13人关注,https://sz.lianjia.com/ershoufang/105103518741.html,3室1厅,近地铁 VR房源 房本满五年,700,23天以前发布,翠北+深 中，明年可用，大三房，单价低，诚心出售
93平米,单价51613元/平米,太阳新城  布心,简装,北,47人关注,https://sz.lianjia.com/ershoufang/105102983807.html,3室2厅,近地铁 VR房源 房本满五年 随时看房,480,,罗湖水贝太阳新城3房 安静居家 人车分流
234.05平米,单价106815元/平米,京基御景东方  红树湾,精装,西南,17人关注,https://sz.lianjia.com/ershoufang/105101841502.html,4室2厅,近地铁 VR房源 房本满两年,2500,,御景东方花园234.05平，4房2厅，有70平阳台
